detention_facility_code,canonical_id,facility_name,facility_address,facility_city,facility_state,facility_zip,facility_type_detailed,facility_type,n_days,adp_total,adp_midnight,adp_male,adp_female,adp_convicted_criminal,adp_non_criminal,adp_possibly_under_18,share_non_crim,share_female,peak_population,peak_date
ANCHOLD,2146,ANCHORAGE SUB-OFFICE HOLD ROOM,NA,NA,AK,NA,NA,Hold/Staging,365,0,0,0,0,0,0,0,0.889,0.333,5,2025-09-12
ANCHOAK,11,Anchorage Correctional Complex,1400 E. 4th Ave,Anchorage,AK,99501,NA,Federal,365,3.3,3,3.3,0,1.4,1.9,0,0.57,0,43,2025-06-09
AKCOOKI,NA,"COOK INLET PRETRIAL, ANCH",NA,NA,AK,NA,NA,Non-Dedicated,365,0,0,0,0,0,0,0,0,0,1,2025-02-26
AKFAIRB,NA,FAIRBANKS CORR CTR,NA,NA,AK,NA,NA,Non-Dedicated,365,0,0,0,0,0,0,0,0,1,1,2025-08-07
AKHIGHL,NA,HIGHLAND MTN COR CTR,NA,NA,AK,NA,NA,Federal,365,0.1,0.1,0,0.1,0,0.1,0,0.811,1,2,2025-07-08
AKKETCH,NA,KETCHIKAN REGIONAL CC,NA,NA,AK,NA,NA,Non-Dedicated,365,0,0,0,0,0,0,0,1,0,1,2025-05-16
KODIAAK,NA,KODIAK CITY JAIL,NA,NA,AK,NA,NA,Non-Dedicated,365,0,0,0,0,0,0,0,0,0,1,2025-06-06
AKLEMON,NA,"LEMON CREEK, JUNEAU,AK",NA,NA,AK,NA,NA,Federal,365,0,0,0,0,0,0,0,1,0,1,2025-08-25
AKMATSU,NA,"MATSU PRETRIAL, PALMER AK",NA,NA,AK,NA,NA,Non-Dedicated,365,0,0,0,0,0,0,0,0.667,0,1,2025-02-01
BHMHOLD,2026,BIRMINGHAM HOLD ROOM,NA,NA,AL,NA,NA,Hold/Staging,365,1.3,0,1,0.2,0.3,0.9,0,0.722,0.173,18,2025-09-10
BALDWAL,17,Baldwin County Correctional Center,200 Hand Ave.,Bay Minette,AL,36507,NA,Non-Dedicated,365,1.4,0.9,1.3,0.1,0.5,0.9,0,0.629,0.063,28,2025-02-07
DEKALAL,98,Dekalb County Detention Center,2801 Jordan Road,Fort Payne,AL,35968,NA,Federal,365,0,0,0,0,0,0,0,1,0,1,2025-08-09
ETWHOLD,2027,ETOWAH ERO HOLD ROOM,NA,NA,AL,NA,NA,Hold/Staging,365,0,0,0,0,0,0,0,0.5,0.5,2,2024-10-15
ETOWAAL,127,Etowah County Jail,827 Forrest Avenue,Gadsden,AL,35901,USMS IGA,USMS IGA,365,53,45.6,46.9,6,20.5,32.5,0,0.613,0.114,163,2025-04-01
MOAHOLD,2147,MOBILE HOLDROOM,NA,NA,AL,NA,NA,Hold/Staging,365,2.7,0,2.6,0.2,0.6,2.1,0,0.773,0.058,35,2025-06-24
MONTGAL,1042,MONTGOMERY CO MAC SIM BUTLER D.F.,NA,NA,AL,NA,NA,Federal,365,0.3,0.3,0.3,0,0,0.3,0,0.991,0,2,2024-11-20
MNTGMAL,241,Montgomery City Jail,320 North Ripley Street,Montgomery,AL,36104,NA,Non-Dedicated,365,0,0,0,0,0,0,0,0,0,1,2025-01-07
PCKNSAL,289,Pickens County Detention Center,188 Cemetery St,Carrollton,AL,35447,IGSA,IGSA,365,50.5,38.7,45,5.5,20.5,30.1,0,0.595,0.109,134,2025-02-28
FAYHOLD,2028,FAYETTEVILLE HOLD ROOM,NA,NA,AR,NA,NA,Hold/Staging,365,0.3,0,0.3,0,0.1,0.2,0,0.585,0.047,9,2025-03-05
FSAHOLD,2029,FORT SMITH HOLDROOM,NA,NA,AR,NA,NA,Hold/Staging,365,0.1,0,0.1,0,0,0,0,0.455,0.03,4,2025-02-25
LRAHOLD,2030,LITTLE ROCK HOLD ROOM,NA,NA,AR,NA,NA,Hold/Staging,365,4.1,0.1,3.9,0.3,1.7,2.5,0,0.594,0.067,27,2025-02-25
MILLRAR,236,Miller County Jail,2300 East Street,Texarkana,AR,71854,USMS IGA,USMS IGA,365,3.1,2.2,3,0.2,1.5,1.6,0,0.514,0.051,19,2025-09-09
SEBASAR,332,Sebastian County Detention Center,801 South A Street,Fort Smith,AR,72901,USMS IGA,USMS IGA,365,2.4,1.5,2.3,0.1,1.2,1.3,0,0.52,0.054,13,2025-04-09
TXAHOLD,2031,TEXARKANA HOLDROOM,NA,NA,AR,NA,NA,Hold/Staging,365,0.6,0,0.6,0,0.4,0.2,0,0.347,0.052,6,2025-05-21
WASHIAR,378,Washington County Detention Center,1155 West Clydesdale Drive,Fayetteville,AR,72701,USMS IGA,USMS IGA,365,7.6,4.8,7.1,0.5,2.8,4.7,0,0.623,0.062,31,2025-03-25
AZSVCPC,2148,ARIZONA STATE PRISON - YUMA,NA,NA,AZ,NA,NA,Other/Unknown,365,0,0,0,0,0,0,0,0,0,3,2025-04-03
IWAHOLD,2032,AZ REM OP COORD CENTER (AROCC),NA,NA,AZ,NA,NA,Hold/Staging,365,37.8,19.4,34.2,3.6,13.4,24.4,0,0.646,0.094,195,2025-04-30
BIMDCAZ,NA,BANNER IRONWOOD MED CTR,NA,NA,AZ,NA,NA,Medical,365,0.2,0.1,0.2,0,0.1,0.1,0,0.652,0.014,3,2025-02-10
BNMCTAZ,NA,BANNER MEDICAL CTR TUCSON,NA,NA,AZ,NA,NA,Medical,365,0.2,0.2,0,0.2,0,0.2,0,1,1,1,2025-07-01
BANHOAZ,NA,BANNER UNIVERSITY MEDICAL PHOENIX,NA,NA,AZ,NA,NA,Medical,365,0.2,0.2,0.2,0.1,0.1,0.2,0,0.711,0.313,1,2024-12-31
CGRMCAZ,NA,CASA GRANDE REG. MED. CENTER,NA,NA,AZ,NA,NA,Medical,365,0.6,0.5,0.4,0.1,0.2,0.4,0,0.61,0.23,3,2025-05-05
CCAFLAZ,NA,"CCA, FLORENCE CORRECTIONAL CENTER",NA,NA,AZ,NA,NA,Federal,365,463.4,455.8,463.4,0,275.7,187.7,0,0.405,0,656,2025-06-24
CHANRAZ,NA,CHANDLER REG MED CTR,NA,NA,AZ,NA,NA,Medical,365,0,0,0,0,0,0,0,0.588,0.235,2,2025-01-11
EAZ,123,Eloy Detention Center,1705 East Hanna Rd.,Eloy,AZ,85131,DIGSA,DIGSA,365,1394.2,1369.8,767.2,626.9,293.9,1100.2,0,0.789,0.45,1550,2025-05-27
FLORHAZ,NA,FLORENCE HOSPITAL,NA,NA,AZ,NA,NA,Medical,365,0.8,0.2,0.8,0,0.3,0.5,0,0.578,0.045,5,2025-01-06
FLO,134,Florence Service Processing Center,3250 North Pinal Parkway,Florence,AZ,85132,SPC,SPC,365,411.8,381.2,410.2,1.6,106.3,305.5,0,0.742,0.004,684,2025-08-22
FSF,135,Florence Staging Facility,3250 North Pinal Parkway,Florence,AZ,85232,STAGING,STAGING,365,282.3,194.1,264.2,18.1,117.1,165.2,0,0.585,0.064,586,2025-06-18
LPAPSAZ,NA,LA PALMA CORR CTR APSO,NA,NA,AZ,NA,NA,Dedicated,365,0,0,0,0,0,0,0,0.5,0,2,2025-03-19
LPZRHAZ,NA,LA PAZ REGIONAL HOSPITAL,NA,NA,AZ,NA,NA,Medical,365,0,0,0,0,0,0,0,1,0,1,2025-01-24
LAPAZAZ,200,La Paz County Adult Detention Facility,1109 Arizona Ave.,Parker,AZ,85344,USMS IGA,USMS IGA,365,1.6,1,1.5,0.1,1.1,0.5,0,0.317,0.048,10,2024-11-04
MVMCMAZ,NA,MOUNTAIN VISTA MED CTR,NA,NA,AZ,NA,NA,Medical,365,0.2,0.1,0.2,0,0.1,0.2,0,0.671,0.049,2,2025-01-07
PHOHOLD,2018,PHOENIX DIST OFFICE,NA,NA,AZ,NA,NA,Hold/Staging,365,25.8,7.4,22.2,3.6,9.6,16.2,1.7,0.627,0.14,90,2025-05-21
BOPPHX,NA,PHOENIX FED.CORR.INST.,NA,NA,AZ,NA,NA,Federal,365,0,0,0,0,0,0,0,0.5,0,1,2025-04-10
PINALAZ,NA,PINAL COUNTY JAIL,NA,NA,AZ,NA,NA,Non-Dedicated,365,0,0,0,0,0,0,0,1,0.5,1,2025-02-05
KPCHOAZ,NA,PROMISE HOSPITAL,NA,NA,AZ,NA,NA,Medical,365,1,1,0.8,0.2,1,0,0,0,0.212,3,2025-05-23
STMARAZ,NA,ST MARY'S HOSPITAL,NA,NA,AZ,NA,NA,Medical,365,0,0,0,0,0,0,0,1,1,1,2025-07-02
STJOSAZ,NA,ST. JOSEPH'S HOSPITAL & MED. CEN.,NA,NA,AZ,NA,NA,Medical,365,0.1,0.1,0.1,0,0,0,0,0.4,0.3,1,2025-04-05
SLRDCAZ,329,San Luis Regional Detention Center,406 North Avenue D,San Luis,AZ,85349,IGSA,IGSA,365,240.4,233.4,192.9,47.5,40.5,200,0,0.832,0.198,546,2025-07-17
BOPTCN,NA,TUCSON FED.CORR.INST.,NA,NA,AZ,NA,NA,Federal,365,0,0,0,0,0,0,0,0,0,1,2025-03-04
TUCHOLD,2033,TUCSON INS HOLD ROOM,NA,NA,AZ,NA,NA,Hold/Staging,365,3.2,0,3,0.2,2,1.2,0,0.368,0.064,15,2025-06-06
VWHMCAZ,NA,VALLEYWISE HEALTH MED CTR,NA,NA,AZ,NA,NA,Medical,365,0.4,0.2,0.4,0,0.1,0.3,0,0.734,0.097,2,2024-10-26
YUMHOLD,2034,YUMA HOLDROOM,NA,NA,AZ,NA,NA,Hold/Staging,365,1,0,0.9,0.1,0.6,0.4,0.1,0.398,0.126,8,2025-07-31
YRMDCAZ,NA,YUMA REGIONAL MED CTR,NA,NA,AZ,NA,NA,Medical,365,0,0,0,0,0,0,0,1,0,1,2025-05-09
ADVHBCA,NA,ADVENTIST HEALTH BAKERSFIELD,NA,NA,CA,NA,NA,Medical,365,0,0,0,0,0,0,0,0.833,0.167,1,2025-02-04
ADVHDCA,NA,ADVENTIST HEALTH DELANO,NA,NA,CA,NA,NA,Medical,365,0,0,0,0,0,0,0,0.2,0,1,2024-11-10
APIBHCA,NA,ALVARADO PARKWAY INSTITUTE,NA,NA,CA,NA,NA,Medical,365,1,1,0.9,0.1,0.7,0.3,0,0.329,0.137,5,2025-04-22
AGMDCCA,NA,ANAHEIM GLOBAL MEDICAL CENTER,NA,NA,CA,NA,NA,Medical,365,0.3,0.2,0.3,0,0.1,0.2,0,0.593,0.037,3,2025-08-29
ARRMCCA,NA,ARROWHEAD REGIONAL MED CENTER,NA,NA,CA,NA,NA,Medical,365,0.1,0.1,0.1,0,0.1,0,0,0.3,0.02,3,2025-08-29
ADLNTCA,105,Adelanto ICE Processing Center,10250 Rancho Road,Adelanto,CA,92301,CDF,CDF,365,621.7,612.8,561.1,60.6,328.6,293.2,0,0.472,0.098,1816,2025-09-25
BKLHOLD,2035,BAKERFIELD HOLD,NA,NA,CA,NA,NA,Hold/Staging,365,7.2,0.6,6.8,0.4,3.9,3.3,0,0.457,0.058,49,2025-04-30
CVANXCA,NA,CENTRAL VALLEY ANNEX,NA,NA,CA,NA,NA,Other/Unknown,365,0.1,0.1,0.1,0,0.1,0,0,0,0,1,2025-06-13
CCRMCCA,NA,CONTRA COSTA REG MED CTR,NA,NA,CA,NA,NA,Medical,365,0,0,0,0,0,0,0,1,0,1,2025-05-22
CASPSAC,NA,CSP-SACRAMENTO,NA,NA,CA,NA,NA,Non-Dedicated,365,0,0,0,0,0,0,0,1,0,1,2025-05-22
CACTYCA,48,California City Immigration Processing Center,22844 Virginia Boulevard,California City,CA,93505,CDF,CDF,365,38.6,38.5,38.6,0,18.4,20.2,0,0.524,0,486,2025-09-24
DSRTVCA,NA,DESERT VALLEY HOSPITAL,NA,NA,CA,NA,NA,Medical,365,0.2,0.2,0.2,0,0,0.2,0,0.91,0,10,2025-05-23
CADESVI,NA,DESERT VIEW ANNEX,NA,NA,CA,NA,NA,Dedicated,365,425.8,417.4,425.7,0,122.5,303.2,0,0.712,0,498,2025-06-25
ECRMCCA,NA,EL CENTRO REGIONAL MED CTR,NA,NA,CA,NA,NA,Medical,365,0.2,0.2,0.2,0,0,0.2,0,1,0,2,2024-12-25
ENLMCCA,NA,ENLOE MEDICAL CENTER,NA,NA,CA,NA,NA,Medical,365,0,0,0,0,0,0,0,0.5,0,2,2025-05-22
FCLT8CA,NA,FACILITY 8 DETENTION FACILITY,NA,NA,CA,NA,NA,Other/Unknown,365,0,0,0,0,0,0,0,0,0,1,2025-02-25
BOPVIM,NA,FCI VICTORVILLE,NA,NA,CA,NA,NA,Federal,365,0,0,0,0,0,0,0,0.125,0,7,2024-12-26
FREHOLD,2036,FRESNO HOLDROOM,NA,NA,CA,NA,NA,Hold/Staging,365,5,0.9,4.7,0.2,3.4,1.6,0,0.324,0.046,22,2025-08-29
GLEPDCA,1021,Glendale Police Department,131 North Isabel Street,Glendale,CA,91206,NA,Non-Dedicated,365,0.8,0.3,0.6,0.2,0.5,0.3,0,0.394,0.227,22,2025-06-03
GLDSACA,151,Golden State Annex,611 Frontage Rd,McFarland,CA,93250,CDF,CDF,365,574.9,569.1,574.9,0,275.2,299.7,0,0.521,0,676,2025-08-16
IMPHOLD,2037,IMPERIAL SUB OFFICE HOLD ROOM,NA,NA,CA,NA,NA,Hold/Staging,365,1.2,0.1,1,0.1,0.5,0.7,0,0.612,0.112,12,2025-09-03
IRADFCA,174,Imperial Regional Detention Facility,1572 Gateway,Calexico,CA,92231,CDF,CDF,365,666.1,657.3,606.8,59.3,101.8,564.3,0,0.847,0.089,758,2025-07-12
KERCOCA,NA,KERN COUNTY JAIL (LERDO),NA,NA,CA,NA,NA,Non-Dedicated,365,0,0,0,0,0,0,0,1,0,2,2025-05-22
KERNHCA,NA,KERN MEDICAL HOSPITAL,NA,NA,CA,NA,NA,Medical,365,0,0,0,0,0,0,0,0,0,1,2025-02-07
BOPLOF,NA,LOMPOC FCI,NA,NA,CA,NA,NA,Federal,365,0.2,0,0.2,0,0.2,0,0,0,0.017,10,2024-10-11
LOSCJCA,NA,LOS ANGELES COUNTY JAIL-TWIN TOWER,NA,NA,CA,NA,NA,Non-Dedicated,365,0,0,0,0,0,0,0,1,0,1,2025-05-30
BOPLOS,NA,LOS ANGELES MET.DET.CTR.,NA,NA,CA,NA,NA,Federal,365,0,0,0,0,0,0,0,0.167,0,1,2025-05-20
LPD77CA,NA,LOS ANGELES POLICE PD 77TH DIV.,NA,NA,CA,NA,NA,Other/Unknown,365,0,0,0,0,0,0,0,1,0,1,2025-03-20
LOSHOLD,2012,LOS CUST CASE,NA,NA,CA,NA,NA,Hold/Staging,365,58.7,31.6,51.3,7.4,22.6,36.1,0.5,0.615,0.125,455,2025-07-11
MRMCSCA,NA,MARIAN REGIONAL MEDICAL CENTER,NA,NA,CA,NA,NA,Medical,365,0,0,0,0,0,0,0,0,0,1,2025-08-18
MEHOSCA,NA,MERCY HOSP DOWNTOWN BAKERSFIELD,NA,NA,CA,NA,NA,Medical,365,0,0,0,0,0,0,0,0.118,0,1,2025-01-18
MEMCRCA,NA,MERCY MEDICAL CTR REDDING,NA,NA,CA,NA,NA,Medical,365,0,0,0,0,0,0,0,0,0,1,2024-10-07
CACFMES,231,Mesa Verde ICE Processing Center,425 Golden State Ave,Bakersfield,CA,93301,CDF,CDF,365,140,137.7,113.7,26.4,68.1,72,0,0.514,0.188,398,2025-08-06
OGCMCCA,NA,ORANGE CO GLOBAL MEDICAL CENTER,NA,NA,CA,NA,NA,Medical,365,0.1,0,0.1,0,0,0,0,0.261,0.087,2,2025-07-10
CCASDCA,281,Otay Mesa Detention Center,7488 Calzada De La Fuente,San Diego,CA,92154,CDF,CDF,365,1411,1380.7,1143.4,267.6,226.7,1184.3,0,0.839,0.19,1616,2025-09-16
PLRMCCA,NA,PALMDALE REGIONAL MEDICAL CENTER,NA,NA,CA,NA,NA,Medical,365,0,0,0,0,0,0,0,0,0,1,2024-12-19
PVLYHCA,NA,PARADISE VALLEY HOSPITAL,NA,NA,CA,NA,NA,Medical,365,1,0.8,0.9,0,0.5,0.5,0,0.499,0.048,5,2025-02-12
REDHOLD,2149,REDDING HOLD ROOM,NA,NA,CA,NA,NA,Hold/Staging,365,0.6,0.2,0.6,0,0.3,0.3,0,0.493,0.065,7,2025-08-26
SACHOLD,2039,SACRAMENTO HOLD,NA,NA,CA,NA,NA,Hold/Staging,365,3.3,1.8,3.3,0.1,2.1,1.3,0,0.376,0.023,35,2025-07-27
SBDHOLD,2040,SAN BERNARDINO HOLD ROOM,NA,NA,CA,NA,NA,Hold/Staging,365,5.6,0.1,5.2,0.5,3.1,2.5,0.1,0.447,0.083,38,2025-06-20
SNDCOCA,NA,SAN DIEGO COUNTY JAIL,NA,NA,CA,NA,NA,Non-Dedicated,365,0.2,0.2,0.2,0,0.2,0,0,0,0,1,2025-07-07
SAAHOLD,2038,SANTA ANA DRO HOLDROOM,NA,NA,CA,NA,NA,Hold/Staging,365,11.2,2.5,9.9,1.3,4.9,6.3,0.1,0.565,0.12,150,2025-06-11
SMAHOLD,2150,SANTA MARIA SUB OFFICE ERO,NA,NA,CA,NA,NA,Other/Unknown,365,3.4,0,3.3,0.1,3.1,0.3,0,0.092,0.028,19,2025-09-12
SFRHOLD,2022,SFR HOLD ROOM,NA,NA,CA,NA,NA,Hold/Staging,365,5,1.8,4.3,0.7,1.5,3.5,0.1,0.696,0.14,44,2025-06-04
SCVMCCA,NA,SHARP CHULA VISTA MEDICAL CENTER,NA,NA,CA,NA,NA,Medical,365,0.3,0.3,0.2,0.1,0.1,0.3,0,0.835,0.322,3,2025-03-14
SNJHOLD,2041,SNJ HOLD ROOM,NA,NA,CA,NA,NA,Hold/Staging,365,0,0,0,0,0,0,0,1,0.667,2,2024-12-03
STJHCCA,NA,ST JOHN'S HOSPITAL CAMARILLO,NA,NA,CA,NA,NA,Medical,365,0,0,0,0,0,0,0,0,0,1,2025-08-04
STMARCA,NA,ST MARY MEDICAL CENTER,NA,NA,CA,NA,NA,Medical,365,0.6,0.4,0.5,0,0.2,0.3,0,0.569,0.025,4,2025-06-19
STK,NA,STOCKTON STAGING FACILITY,NA,NA,CA,NA,NA,Hold/Staging,365,2.2,0.2,2.1,0.1,1.4,0.8,0,0.358,0.04,15,2025-09-25
SUTMCCA,NA,SUTTER MED CTR SACRAMENTO,NA,NA,CA,NA,NA,Medical,365,0,0,0,0,0,0,0,0,0,1,2025-07-18
SBERNCA,1050,San Bernardino County Jail,630 East Rialto Avenue,San Bernardino,CA,92408,NA,Federal,365,0,0,0,0,0,0,0,1,0,1,2025-08-09
SNDHOLD,327,San Diego District Staging,Us Ins Detention & Deportation,San Diego,CA,92101,NA,Hold/Staging,365,16.4,6.6,14.3,2.1,6.3,10.1,1.9,0.615,0.13,75,2025-09-26
SACITCA,1051,Santa Ana City Jail,62 Civic Center Plaza,Santa Ana,CA,92701,NA,Non-Dedicated,365,0,0,0,0,0,0,0,0.333,0,1,2025-05-08
UCSDHCA,NA,UNV CALIFORNIA SAN DIEGO HOSPITAL,NA,NA,CA,NA,NA,Medical,365,0,0,0,0,0,0,0,0.688,0,1,2025-08-12
VENHOLD,2042,VENTURA CUSTODY CASE,NA,NA,CA,NA,NA,Hold/Staging,365,5.9,0.2,5.4,0.4,4.4,1.5,0,0.253,0.075,80,2025-07-11
VVGMCCA,NA,VICTOR VALLEY GLOBAL MED CENTER,NA,NA,CA,NA,NA,Medical,365,1.8,1.3,1.8,0.1,1,0.8,0,0.433,0.033,9,2025-08-29
WESHOLD,2043,WESTMINSTER CUSTODY,NA,NA,CA,NA,NA,Hold/Staging,365,1.6,1.6,1.6,0,0,1.6,0,0.981,0.002,8,2025-07-04
WMHOSCA,NA,WHITE MEMORIAL HOSPITAL,NA,NA,CA,NA,NA,Medical,365,0.7,0.4,0.6,0.1,0.2,0.4,0,0.648,0.152,6,2025-07-11
ALMHOLD,2044,ALAMOSA HOLDROOM,NA,NA,CO,NA,NA,Hold/Staging,365,0.2,0,0.1,0,0.1,0.1,0,0.554,0.054,7,2025-08-19
ARAPACO,NA,ARAPAHOE COUNTY JAIL,NA,NA,CO,NA,NA,Non-Dedicated,365,0,0,0,0,0,0,0,0.5,0,1,2025-04-30
BIINCCO,NA,"BI INCORORATED, GEO GROUP COMPANY",NA,NA,CO,NA,NA,Other/Unknown,365,0.1,0,0,0.1,0,0.1,0,0.914,0.657,4,2025-03-13
CODCCSP,NA,COLO DEPT OF CORRECTIONS,NA,NA,CO,NA,NA,Non-Dedicated,365,0.4,0.4,0.4,0,0.4,0,0,0,0,1,2025-04-30
CSDHOLD,2151,COLO SPRINGS DEN HSI HOLD,NA,NA,CO,NA,NA,Hold/Staging,365,0.4,0,0.4,0,0.2,0.2,0,0.534,0.095,7,2025-08-22
CRGHOLD,2045,CRAIG HOLDROOM,NA,NA,CO,NA,NA,Hold/Staging,365,0.2,0,0.1,0,0.1,0.1,0,0.621,0.103,4,2025-09-23
DENVECO,NA,DENVER COUNTY JAIL,NA,NA,CO,NA,NA,Federal,365,0,0,0,0,0,0,0,0.8,0,1,2025-04-28
DNHMCCO,NA,DENVER HEALTH MEDICAL CENTER,NA,NA,CO,NA,NA,Medical,365,0,0,0,0,0,0,0,0,0,1,2025-06-13
DENHOLD,2007,DENVER HOLD ROOM,NA,NA,CO,NA,NA,Hold/Staging,365,5,0.7,4.3,0.7,1.5,3.6,0.3,0.705,0.147,35,2025-04-28
DOUGLCO,NA,DOUGLAS COUNTY DETENTION CENTER,NA,NA,CO,NA,NA,Non-Dedicated,365,0,0,0,0,0,0,0,0.5,0,1,2025-08-14
DURHOLD,2046,DURANGO HOLDROOM,NA,NA,CO,NA,NA,Hold/Staging,365,0.1,0,0.1,0,0,0.1,0,0.6,0,6,2025-08-18
DENICDF,101,Denver Contract Detention Facility,3130 Oakland St,Aurora,CO,80010,CDF,CDF,365,1168.6,1150.9,1094.7,73.9,330.3,838.3,0,0.717,0.063,1326,2025-06-27
FRDHOLD,2047,FREDERICK HOLDROOM,NA,NA,CO,NA,NA,Hold/Staging,365,1.3,0.1,1.3,0.1,0.9,0.4,0,0.32,0.053,7,2025-07-29
GSCHOLD,2049,GLENWOOD SPRINGS HOLDROOM,NA,NA,CO,NA,NA,Hold/Staging,365,0.2,0,0.2,0,0.1,0.1,0,0.522,0.13,10,2025-05-22
GJCHOLD,2048,GRAND JUNCTION HOLDROOM,NA,NA,CO,NA,NA,Hold/Staging,365,0.6,0,0.6,0,0.3,0.3,0,0.502,0.076,7,2025-06-03
HGHBECO,NA,HIGHLANDS BEHAVIORAL HEALTH,NA,NA,CO,NA,NA,Medical,365,0.1,0.1,0,0,0,0,0,0.429,0.429,1,2025-01-11
LIRSFCO,NA,LIRS - LFSRM FORT COLLINS LTFC CO,NA,NA,CO,NA,NA,Other/Unknown,365,0.3,0.3,0.3,0,0,0.3,0.3,1,0,2,2025-08-18
MESJACO,NA,MESA COUNTY JAIL,NA,NA,CO,NA,NA,Federal,365,0,0,0,0,0,0,0,1,0,1,2025-01-24
PUEHOLD,2050,PUEBLO HOLDROOM,NA,NA,CO,NA,NA,Hold/Staging,365,1.1,0.1,1,0,0.7,0.4,0,0.381,0.038,15,2025-04-27
PUEBLCO,1047,Pueblo County Jail,909 Court Street,Pueblo,CO,81003,NA,Federal,365,0,0,0,0,0,0,0,0,0,1,2025-05-14
STJOSCO,NA,SAINT JOSEPH HOSPITAL,NA,NA,CO,NA,NA,Medical,365,0,0,0,0,0,0,0,0.611,0.222,1,2024-10-04
TELLECO,359,Teller County Jail,288 Weaverville Road,Divide,CO,80814,NA,Non-Dedicated,365,0,0,0,0,0,0,0,0.357,0,2,2025-02-02
UCHUHCO,NA,UCHEALTH UNV HOSP OF CO,NA,NA,CO,NA,NA,Medical,365,0.6,0.5,0.4,0.2,0.3,0.3,0,0.512,0.34,3,2025-06-08
HARFOCT,NA,HARTFORD CORR CENTER,NA,NA,CT,NA,NA,Non-Dedicated,365,0,0,0,0,0,0,0,0.5,0.125,1,2025-03-13
HARHOLD,2051,HARTFORD OFFICE,NA,NA,CT,NA,NA,Hold/Staging,365,4.6,1.9,4.2,0.3,0.8,3.8,0.1,0.83,0.075,37,2025-05-29
GTMODCU,NA,MIGRANT OPS CENTER MAIN AV622,NA,NA,CU,NA,NA,Federal,365,10.7,9.9,10.7,0,1.1,9.7,0,0.9,0,51,2025-05-20
GTMOACU,176,JTF Camp Six,"Bldg 2144, U.S. Naval Station Guantanamo Bay",Guantanamo Bay,Cuba,34009,DOD,DOD,365,18.4,17.3,18.4,0,12.8,5.6,0,0.305,0,128,2025-02-17
DVDHOLD,2052,DOVER HOLDROOM,NA,NA,DE,NA,NA,Hold/Staging,365,1.4,0,1.3,0,0.7,0.6,0,0.465,0.026,10,2025-06-12
FLBAKCI,NA,BAKER C. I.,NA,NA,FL,NA,NA,Other/Unknown,365,20.6,19.2,20.6,0,7.5,13.1,0,0.638,0,339,2025-09-30
BAYCOFL,NA,BAY COUNTY,NA,NA,FL,NA,NA,Other/Unknown,365,0.1,0,0,0,0,0,0,0.609,0.348,4,2025-02-01
BREVDFL,NA,BREVARD COUNTY JAIL COMPLEX,NA,NA,FL,NA,NA,Other/Unknown,365,1.2,0.8,1.2,0.1,0.3,1,0,0.768,0.05,9,2025-05-07
BRGMCFL,NA,BROWARD GENERAL MEDICAL CENTER,NA,NA,FL,NA,NA,Medical,365,0.4,0.3,0.3,0.1,0,0.4,0,0.905,0.203,3,2025-04-23
FLDADCI,14,Baker Correctional Institution,20706 Us 90 W,Sanderson,FL,32087,NA,Other/Unknown,365,0.2,0.1,0.2,0,0.2,0,0,0,0,11,2025-09-30
BAKERFL,16,Baker County Sheriff's Office,1 Sheriff Office Drive,Macclenny,FL,32063,IGSA,IGSA,365,264.5,256.5,201.8,62.7,167.3,97.1,0,0.367,0.237,345,2025-08-27
BRDFDFL,29,Bradford County Jail,945 N Temple Ave,Starke,FL,32091,NA,Non-Dedicated,365,0,0,0,0,0,0,0,1,0,1,2025-01-14
BROJAFL,35,Broward County Jail,555 Se 1st Avenue,Fort Lauderdale,FL,33301,NA,Non-Dedicated,365,3.4,1.7,2.9,0.6,0.8,2.7,0,0.775,0.167,14,2025-07-26
WCCPBFL,36,Broward Transitional Center,3900 North Powerline Road,Pompano Beach,FL,33073,CDF,CDF,365,656.7,631.3,557.7,99,124.3,532.4,0,0.811,0.151,775,2025-03-16
FLCHACI,NA,"CHARLOTTE CI, PUNTA GORDA",NA,NA,FL,NA,NA,Other/Unknown,365,0,0,0,0,0,0,0,1,1,1,2024-12-10
CHRLTFL,NA,CHARLOTTE COUNTY JAIL,NA,NA,FL,NA,NA,Non-Dedicated,365,0,0,0,0,0,0,0,0,0,1,2025-07-22
CITRUFL,NA,CITRUS COUNTY JAIL,NA,NA,FL,NA,NA,Non-Dedicated,365,0,0,0,0,0,0,0,0.667,0,1,2024-12-14
COLUMFL,NA,COLUMBIA COUNTY JAIL,NA,NA,FL,NA,NA,Other/Unknown,365,0,0,0,0,0,0,0,0,0,1,2025-01-27
COLLIFL,86,Collier County Naples Jail Center,3347 Tamiami Trail E,Naples,FL,34112,IGSA,IGSA,365,23.5,17.9,21.8,1.6,11.9,11.5,0,0.492,0.069,63,2025-09-04
FLGLRFL,NA,FLAGLER COUNTY JAIL,NA,NA,FL,NA,NA,Other/Unknown,365,0.1,0,0.1,0,0,0.1,0,0.719,0,12,2025-08-31
FLHOSFL,NA,FORT LAUDERDALE HOSPITAL,NA,NA,FL,NA,NA,Medical,365,0,0,0,0,0,0,0,0,0,1,2025-02-20
FMYHOLD,2053,FORT MYERS ERO HOLDROOM,NA,NA,FL,NA,NA,Hold/Staging,365,5.1,0.3,4.9,0.2,2.1,3,0,0.594,0.045,29,2025-06-21
FLBHCFL,NA,FT LAUDERDALE BEHAVOR HLTH CTR,NA,NA,FL,NA,NA,Medical,365,4.3,4,2.9,1.4,0.9,3.4,0,0.799,0.318,11,2025-05-12
FLDSSFS,136,Florida Soft-Sided Facility,54575 Tamiami Trl E,Ochopee,FL,34141,NA,Dedicated,365,184.9,171.7,184.9,0,49,135.9,0,0.735,0,1482,2025-07-30
GLADEFL,150,Glades County Detention Center,1297 East Sr 78,Moore Haven,FL,33471,IGSA,IGSA,365,148.4,144.9,148.4,0,55,93.4,0,0.629,0,491,2025-09-24
CKHOSFL,NA,HCA FLORIDA KENDALL HOSPITAL,NA,NA,FL,NA,NA,Medical,365,1.6,1.1,1.6,0,1,0.6,0,0.359,0.009,7,2025-03-12
HCAFMFL,NA,HCA FLORIDA MEMORIAL HOSPITAL,NA,NA,FL,NA,NA,Medical,365,0.1,0.1,0.1,0,0.1,0,0,0,0.192,1,2025-02-20
HENDRFL,NA,HENDRY COUNTY JAIL,NA,NA,FL,NA,NA,Non-Dedicated,365,0,0,0,0,0,0,0,1,0,1,2024-10-15
HICOJFL,163,Hillsborough County Jail,1201 North Orient Road,Tampa,FL,33619,NA,Non-Dedicated,365,0.6,0.4,0.6,0,0.2,0.4,0,0.704,0.026,40,2025-07-03
JMHOSFL,NA,JACKSON MEMORIAL HOSPITAL,NA,NA,FL,NA,NA,Medical,365,0.1,0,0.1,0,0,0,0,0.4,0,2,2025-05-03
JAXHOLD,2054,JACKSONVILLE SUB-OFFICE,NA,NA,FL,NA,NA,Hold/Staging,365,5.5,0.6,5.1,0.4,1.5,4,0,0.73,0.065,35,2025-04-25
KROHOLD,2055,KROME HOLD ROOM,NA,NA,FL,NA,NA,Hold/Staging,365,35.9,24.6,34.7,1.1,14,21.8,0,0.608,0.031,600,2025-02-17
KRHUBFL,NA,KROME/MIAMI HUB,NA,NA,FL,NA,NA,Hold/Staging,365,5.8,0.1,5.2,0.6,1.6,4.2,0,0.716,0.099,54,2025-05-24
KRO,197,Krome North Service Processing Center,18201 Sw 12th St,Miami,FL,33194,SPC,SPC,365,919.2,871,919,0.1,439.2,479.9,0.1,0.522,0,1972,2025-06-25
LRKBHFL,NA,LARKIN BEHAVIORAL HEALTH SVCS,NA,NA,FL,NA,NA,Medical,365,8.4,8.2,8.4,0,4.4,3.9,0,0.471,0,12,2025-07-19
LRKNHFL,NA,LARKIN HOSPITAL,NA,NA,FL,NA,NA,Medical,365,6.5,5.5,6.5,0,3.6,2.9,0,0.439,0.002,16,2025-04-29
LAKCOFL,204,Lake County Jail,551 W. Main St.,Tavares,FL,32778,IGSA,IGSA,365,1.6,1.3,1.5,0,0.4,1.2,0,0.748,0.019,7,2025-02-15
LEVYCFL,213,Levy County Jail,9150 Ne 80th Ave,Bronson,FL,32621,NA,Non-Dedicated,365,0,0,0,0,0,0,0,0.667,0,1,2024-12-03
MANATFL,NA,MANATEE COUNTY DETENTION-ANNEX,NA,NA,FL,NA,NA,Non-Dedicated,365,0.8,0.5,0.8,0,0.2,0.6,0,0.72,0.023,7,2025-08-13
MARIOFL,NA,MARION COUNTY JAIL,NA,NA,FL,NA,NA,Federal,365,1.2,0.8,1.1,0.1,0.4,0.8,0,0.667,0.069,11,2025-02-18
MEMRHFL,NA,MEMORIAL REGIONAL HOSP.,NA,NA,FL,NA,NA,Medical,365,0,0,0,0,0,0,0,0.571,0.429,1,2025-07-05
METROFL,NA,METRO DADE JAIL,NA,NA,FL,NA,NA,Non-Dedicated,365,0.3,0.2,0.3,0,0.1,0.2,0,0.667,0.095,25,2025-06-24
MIAHOLD,2013,MIAMI (MIRAMAR) HOLD ROOM,NA,NA,FL,NA,NA,Hold/Staging,365,13.1,2.9,11.6,1.5,3.3,9.7,0.2,0.744,0.112,94,2025-09-10
IBPSMIA,NA,MIAMI BORDER PATROL,NA,NA,FL,NA,NA,Other/Unknown,365,0,0,0,0,0,0,0,1,0,1,2025-07-02
MARTIFL,228,Martin County Jail,800 Southeast Monterey Road,Stuart,FL,34994,NA,Non-Dedicated,365,1.7,1.2,1,0.7,0.5,1.2,0,0.725,0.417,24,2025-09-05
BOPMIM,233,Miami Federal Detention,33 Ne 4 Street,Miami,FL,33132,BOP,BOP,365,239.3,235.2,239.3,0,127.3,112,0,0.468,0,451,2025-08-25
MSF,234,Miami Staging Facility,Unavailable,Miami,FL,33101,NA,Hold/Staging,365,16.7,3.1,13.6,3.1,7.1,9.6,0,0.576,0.186,176,2025-01-31
MONROFL,239,Monroe County Detention Center,5501 College Road,Key West,FL,33040,NA,Non-Dedicated,365,0.2,0.1,0.1,0,0.1,0.1,0,0.677,0.226,3,2025-01-27
NASSAFL,NA,NASSAU COUNTY JAIL,NA,NA,FL,NA,NA,Non-Dedicated,365,0,0,0,0,0,0,0,0.182,0.273,1,2024-10-15
NBRMCFL,NA,NORTH BROWARD MEDICAL CENTER,NA,NA,FL,NA,NA,Medical,365,0.7,0.4,0.4,0.3,0.1,0.6,0,0.797,0.445,5,2025-05-15
ORLHOLD,2056,ORLANDO HOLD ROOM,NA,NA,FL,NA,NA,Hold/Staging,365,20,1.2,17.2,2.7,6,14,0.2,0.701,0.137,126,2025-06-04
OSCEOFL,NA,OSCEOLA COUNTY JAIL,NA,NA,FL,NA,NA,Other/Unknown,365,3.3,2.4,3.1,0.2,0.8,2.4,0,0.751,0.056,14,2025-06-21
ORANGFL,278,Orange County Jail (Florida),3855 South John Young Parkway,Orlando,FL,32839,USMS IGA,USMS IGA,365,29.1,21.6,24.3,4.8,8.9,20.1,0,0.693,0.164,145,2025-07-04
PALMBFL,NA,PALM BEACH COUNTY JAIL,NA,NA,FL,NA,NA,Non-Dedicated,365,0,0,0,0,0,0,0,0.417,0,4,2025-07-27
PWHOSFL,NA,PALMS WEST HOSPITAL,NA,NA,FL,NA,NA,Medical,365,0,0,0,0,0,0,0,0.467,0,2,2025-05-22
POLKJFL,NA,POLK COUNTY JAIL,NA,NA,FL,NA,NA,Non-Dedicated,365,0.1,0.1,0.1,0,0,0.1,0,0.925,0,23,2025-09-22
PINELFL,293,Pinellas County Jail,14400 49th Street North,Clearwater,FL,33762,USMS IGA,USMS IGA,365,24.9,16.7,22.3,2.6,8.8,16.1,0,0.647,0.106,81,2025-06-29
SROSAFL,NA,SANTA ROSA COUNTY JAIL,NA,NA,FL,NA,NA,Other/Unknown,365,0,0,0,0,0,0,0,0,0,1,2025-02-17
SARASFL,NA,SARASOTA COUNTY JAIL,NA,NA,FL,NA,NA,Non-Dedicated,365,1.3,0.8,1.3,0.1,0.4,1,0,0.716,0.065,10,2025-05-13
SMNOLFL,NA,SEMINOLE COUNTY JAIL,NA,NA,FL,NA,NA,Other/Unknown,365,1.1,0.8,1.1,0.1,0.6,0.6,0,0.511,0.046,6,2025-07-16
STJONFL,NA,ST. JOHN'S COUNTY JAIL,NA,NA,FL,NA,NA,Other/Unknown,365,0.2,0.1,0.2,0,0.1,0.2,0,0.679,0.062,4,2025-02-21
STLUCFL,NA,ST. LUCIE COUNTY JAIL,NA,NA,FL,NA,NA,Non-Dedicated,365,0,0,0,0,0,0,0,0.444,0,2,2025-07-03
STUHOLD,2057,STUART HOLD ROOM,NA,NA,FL,NA,NA,Hold/Staging,365,3.2,0.7,2.8,0.3,1,2.2,0.1,0.693,0.106,53,2025-09-18
SUMTEFL,NA,SUMTER COUNTY JAIL,NA,NA,FL,NA,NA,Other/Unknown,365,0.7,0.5,0.7,0,0.2,0.6,0,0.746,0.059,10,2025-03-26
SUWANFL,NA,SUWANNEE COUNTY JAIL,NA,NA,FL,NA,NA,Other/Unknown,365,0,0,0,0,0,0,0,1,0,1,2025-05-22
TALHOLD,2058,TALLAHASSEE HOLD ROOM,NA,NA,FL,NA,NA,Hold/Staging,365,6.7,0.6,6.4,0.2,2,4.6,0,0.696,0.033,52,2025-09-26
TAMHOLD,2059,TAMPA HOLD ROOM,NA,NA,FL,NA,NA,Hold/Staging,365,17,0.6,15.4,1.6,6.4,10.6,0.1,0.625,0.091,84,2025-08-08
TGKJLFL,368,Turner Guilford Knight (TGK) Jail,7000 Nw 41st St.,Miami,FL,33166,NA,Other/Unknown,365,3.9,1.8,3.4,0.5,0.6,3.3,0,0.849,0.116,27,2025-08-22
UMIAHFL,NA,UNIVERSITY OF MIAMI HOSPITAL,NA,NA,FL,NA,NA,Medical,365,0,0,0,0,0,0,0,0.4,0,1,2024-10-15
WALTNFL,NA,WALTON COUNTY D.O.C.,NA,NA,FL,NA,NA,Other/Unknown,365,0,0,0,0,0,0,0,0.5,0,1,2025-06-09
WKBHMFL,NA,WEST KENDALL BAPTIST HOSP,NA,NA,FL,NA,NA,Medical,365,0.7,0.4,0.7,0,0.4,0.3,0,0.413,0.035,5,2025-02-16
WMDBHFL,NA,WEST MIAMI DADE BAPT HEALTH EMERG,NA,NA,FL,NA,NA,Medical,365,0.3,0.2,0.3,0,0.2,0.1,0,0.423,0.036,3,2025-03-03
WAKULFL,375,Wakulla County Jail,15 Oak Street,Crawfordville,FL,32327,NA,Non-Dedicated,365,0,0,0,0,0,0,0,1,0,1,2025-05-07
WLTSOFL,376,Walton County Jail,40 Sheriff Cir,Defuniak Springs,FL,32433,USMS IGA,USMS IGA,365,12.8,8.8,12.8,0,3.5,9.3,0,0.725,0,76,2025-08-20
ATLHOLD,2001,ATLANTA DIST. HOLD RM,NA,NA,GA,NA,NA,Hold/Staging,365,42.9,19.2,38.8,4.1,15.3,27.6,0.2,0.643,0.095,168,2025-06-25
ATLANGA,1001,Atlanta City Detention Center,254 Peachtree Street Southwest,Atlanta,GA,30303,NA,Federal,365,0,0,0,0,0,0,0,0.286,0,3,2025-04-27
BARTOGA,NA,BARTOW CO JAIL,NA,NA,GA,NA,NA,Other/Unknown,365,0,0,0,0,0,0,0,0,0,1,2025-01-16
COBBJGA,85,Cobb County Jail,1825 County Services Parkway,Marietta,GA,30060,NA,Non-Dedicated,365,0.3,0.1,0.2,0,0.1,0.1,0,0.489,0.043,4,2024-12-13
BOPATL,129,FCI Atlanta,"601 Mcdonough Boulevard, Se",Atlanta,GA,30315,BOP,BOP,365,93.1,88.3,93,0,33.6,59.5,0,0.639,0,302,2025-06-27
FLOYDGA,137,Floyd County Jail,2526 New Calhoun Hwy,Rome,GA,30161,USMS IGA,USMS IGA,365,3.3,2.5,2.8,0.5,1,2.3,0,0.694,0.152,42,2025-08-04
FIPCAGA,138,Folkston Annex IPC,3424 Hwy 252 East,Folkston,GA,31537,DIGSA,DIGSA,365,287.3,281,287.3,0,75.2,212.1,0,0.738,0,368,2025-08-01
FIPCDGA,139,Folkston ICE Processing Center,3262 Highway 252,Folkston,GA,31537,DIGSA,DIGSA,365,65.3,63.6,65.3,0,7.8,57.6,0,0.881,0,687,2025-09-09
FIPCMGA,225,Folkston Main IPC,3026 Hwy 252 East,Folkston,GA,31537,DIGSA,DIGSA,365,679.4,663.2,679.4,0,197.3,482.1,0,0.71,0,1016,2025-08-01
GMHATGA,NA,GRADY MEMORIAL HOSPITAL,NA,NA,GA,NA,NA,Medical,365,0.2,0.1,0.2,0,0,0.1,0,0.765,0.147,3,2025-06-27
BOPRAE,NA,"MCRAE CORRECTIONAL FACILITY, CCA",NA,NA,GA,NA,NA,Federal,365,0,0,0,0,0,0,0,1,0,1,2025-07-25
PHPMHGA,NA,PHOEBE PUTNEY MEMORIAL HOSP,NA,NA,GA,NA,NA,Medical,365,0,0,0,0,0,0,0,1,0,1,2025-03-09
PCRMMGA,NA,PIEDMOUNT COLUMBUS REG MIDTOWN MC,NA,NA,GA,NA,NA,Medical,365,0,0,0,0,0,0,0,0,0,1,2025-06-18
RADDFGA,318,Robert A. Deyton Detention Center,11866 Hastings Bridge Road P.o. Box 429,Lovejoy,GA,30250,USMS CDF,USMS CDF,365,8.8,6.3,8.8,0,4.7,4.1,0,0.465,0.001,70,2025-03-17
STFRHGA,NA,ST FRANCIS HOSPITAL,NA,NA,GA,NA,NA,Medical,365,0,0,0,0,0,0,0,1,0,2,2024-11-10
STWRTGA,348,Stewart Detention Center,146 Cca Road,Lumpkin,GA,31815,DIGSA,DIGSA,365,1910,1876.9,1670.2,235.2,779.5,1130.6,0.1,0.592,0.123,2335,2025-06-16
GUDOCHG,103,Department of Corrections Hagatna,203 Aspinal Ave. Po Box 3236,Hagatna,GU,96910,USMS IGA,USMS IGA,365,8.9,8.7,8.6,0.3,4.5,4.4,0,0.495,0.032,19,2025-07-21
AGAHOLD,2060,GUAM ERO HOLD ROOM,NA,NA,GU,NA,NA,Hold/Staging,365,0,0,0,0,0,0,0,0.75,0.375,4,2025-05-22
GUAMHGU,NA,GUAM MEMORIAL HOSPITAL,NA,NA,GU,NA,NA,Medical,365,0,0,0,0,0,0,0,0.6,0,5,2025-05-22
ADVHCHI,NA,ADVENTIST HEALTH CASTLE,NA,NA,HI,NA,NA,Medical,365,0,0,0,0,0,0,0,1,0,1,2025-05-22
HHWHOLD,2061,ERO HONOLULU SUB-OFFICE HOLD ROOM,NA,NA,HI,NA,NA,Hold/Staging,365,0,0,0,0,0,0,0,0.556,0.111,4,2025-03-06
BOPHON,166,Honolulu Federal Detention Center,351 Elliott St.,Honolulu,HI,96819,BOP,BOP,365,48.3,47.4,41.3,6.7,22,26.3,0,0.544,0.139,93,2025-06-27
QUEMCHI,NA,QUEEN'S MEDICAL CENTER,NA,NA,HI,NA,NA,Medical,365,0.1,0.1,0.1,0,0,0.1,0,1,0,1,2025-08-11
CRIHOLD,2062,CEDAR RAPIDS HOLD ROOM,NA,NA,IA,NA,NA,Hold/Staging,365,0.8,0.4,0.7,0,0.4,0.4,0,0.489,0.04,17,2025-08-23
DSMHOLD,2063,DES MOINES HOLD ROOM,NA,NA,IA,NA,NA,Hold/Staging,365,0.3,0,0.3,0,0.2,0.1,0,0.375,0,3,2025-04-19
HARDJIA,159,Hardin County Jail,1116 14th Avenue,Eldora,IA,50627,IGSA,IGSA,365,11.8,11.4,10.9,1,6.3,5.6,0,0.471,0.083,52,2025-09-23
LINNJIA,218,Linn County Jail,53 3rd Avenue Bridge,Cedar Rapids,IA,52401,USMS IGA,USMS IGA,365,10.8,10.3,9.9,0.9,6,4.7,0,0.44,0.084,39,2025-06-24
MMCCRIA,NA,MERCY MED CTR CEDAR RAPID,NA,NA,IA,NA,NA,Medical,365,0,0,0,0,0,0,0,1,0,1,2025-09-18
MUSCAIA,249,Muscatine County Jail,400 Walnut Street,Muscatine,IA,52761,USMS IGA,USMS IGA,365,12.3,11.9,10.8,1.5,6,6.3,0,0.513,0.12,46,2025-06-14
POLKJIA,297,Polk County Jail,1985 Ne 51st Place,Des Moines,IA,50313,USMS IGA,USMS IGA,365,43.7,42.1,42.2,1.5,31,12.7,0,0.29,0.034,64,2025-09-20
POTTAIA,300,Pottawattamie County Jail,1400 Big Lake Road,Council Bluffs,IA,51501,USMS IGA,USMS IGA,365,37.9,36.4,35.9,2,30.7,7.1,0,0.189,0.052,60,2025-01-29
SCOTTIA,NA,SCOTT COUNTY JAIL,NA,NA,IA,NA,NA,Federal,365,1.1,0.7,1.1,0,1.1,0,0,0.008,0,7,2025-07-28
SXCHOLD,2064,SIOUX CITY HOLD ROOM,NA,NA,IA,NA,NA,Hold/Staging,365,0.1,0,0.1,0,0.1,0,0,0.167,0.033,3,2024-11-04
SIOUXIA,336,Sioux County Jail,4363 Ironwood Avenue,Orange City,IA,51041,NA,Federal,365,0.6,0.6,0.6,0,0.4,0.2,0,0.29,0,10,2025-09-08
UPSLHIA,NA,UNITY POINT HLTH ST LUKES HOSP,NA,NA,IA,NA,NA,Medical,365,0.1,0.1,0.1,0,0,0.1,0,1,0,1,2025-09-04
UPSLSIA,NA,UNITYPOINT HLTH ST LUKES HOSP SXC,NA,NA,IA,NA,NA,Medical,365,0,0,0,0,0,0,0,1,1,1,2025-06-02
WOODBIA,392,Woodbury County Jail,407 7th Street,Sioux City,IA,51101,USMS IGA,USMS IGA,365,30.4,29.4,27.6,2.8,15.3,15.1,0,0.498,0.093,95,2025-08-06
BOIHOLD,2065,BOISE HOLD ROOM,NA,NA,ID,NA,NA,Hold/Staging,365,0.8,0,0.8,0,0.6,0.2,0,0.246,0.01,8,2025-06-04
HAILEID,1024,Dale G. Haile Detention Center,1115 Albany,Caldwell,ID,83605,NA,Non-Dedicated,365,0.1,0.1,0.1,0,0.1,0,0,0.349,0,2,2025-03-03
ELMORID,122,Elmore County Jail,2255 E. 8th North,Mountain Home,ID,83647,USMS IGA,USMS IGA,365,2.1,1.6,2.1,0,1.6,0.5,0,0.236,0.01,17,2025-07-11
IFIHOLD,2066,IDAHO FALLS HOLD ROOM,NA,NA,ID,NA,NA,Hold/Staging,365,0.2,0,0.2,0,0.1,0.1,0,0.402,0,5,2025-04-03
JEFFEID,180,Jefferson County Jail,219 East Fremont Avenue,Rigby,ID,83442,IGSA,IGSA,365,6.7,5.1,6.6,0.1,4.9,1.8,0,0.267,0.011,24,2025-04-01
MINICID,237,Minicassia Detention Center,1415 Albion Avenue,Burley,ID,83318,NA,Non-Dedicated,365,0.7,0.5,0.7,0,0.5,0.2,0,0.312,0.019,8,2025-06-25
TFIHOLD,2067,TWIN FALLS HOLD ROOM,NA,NA,ID,NA,NA,Hold/Staging,365,0.4,0,0.4,0,0.3,0.1,0,0.196,0.028,6,2025-01-15
BSAHOLD,2068,BROADVIEW SERVICE STAGING,NA,NA,IL,NA,NA,Hold/Staging,365,33.4,11.1,30.2,3.2,13.5,19.9,0,0.595,0.095,245,2025-09-20
CNTGRIL,NA,CENTEGRA HOSPITAL,NA,NA,IL,NA,NA,Medical,365,0,0,0,0,0,0,0,0,0,1,2025-09-20
CHIHOLD,2005,CHICAGO HOLD ROOM,NA,NA,IL,NA,NA,Hold/Staging,365,0.4,0,0.2,0.2,0,0.4,0.2,0.985,0.511,26,2025-09-30
JEFFEIL,NA,JEFFERSON COUNTY JAIL,NA,NA,IL,NA,NA,Non-Dedicated,365,0,0,0,0,0,0,0,0,0,1,2024-11-15
LYOLAIL,NA,LOYOLA CENTER FOR HEALTH,NA,NA,IL,NA,NA,Medical,365,0.1,0,0,0,0,0,0,0.667,0.143,2,2025-06-09
RIIHOLD,2069,ROCK ISLAND HOLD ROOM,NA,NA,IL,NA,NA,Hold/Staging,365,0.8,0,0.8,0,0.8,0,0,0.007,0,6,2025-03-07
ROCKIIL,1015,Rock Island County Correctional Center,1317 3rd Avenue,Rock Island,IL,61201,NA,Federal,365,0,0,0,0,0,0,0,0,0,1,2025-08-15
UCCHIIL,NA,UCHICAGO MEDICINE HOSPITAL CHICAGO,NA,NA,IL,NA,NA,Medical,365,0,0,0,0,0,0,0,1,0,1,2025-05-27
UCHRVIL,NA,UCHICAGO MEDICINE INGALLS MEMORIAL,NA,NA,IL,NA,NA,Medical,365,0.1,0.1,0.1,0,0,0.1,0,1,0,1,2025-06-04
CLARKIN,77,Clark County Jail (Indiana),501 East Court Ave.,Jeffersonville,IN,47130,USMS IGA,USMS IGA,365,34.6,33.9,10.5,24.1,10.7,23.9,0,0.69,0.698,100,2025-06-05
CLAYCIN,79,Clay County Justice Center,611 East Jackson Street,Brazil,IN,47834,USMS IGA,USMS IGA,365,258.2,244.1,247,11.2,136.7,121.4,0,0.47,0.043,362,2025-05-30
CLINTIN,82,Clinton County Jail,301 E Walnut Street,Frankfort,IN,46041,USMS IGA,USMS IGA,365,8.7,8.5,7.3,1.4,3.4,5.3,0,0.606,0.157,45,2025-06-08
ESKHLIN,NA,ESKENAZI HEALTH,NA,NA,IN,NA,NA,Medical,365,0,0,0,0,0,0,0,1,0,1,2025-08-19
INPHOLD,2070,INDIANAPOLIS HOLD ROOM,NA,NA,IN,NA,NA,Hold/Staging,365,12.6,1.4,11.6,1,5.4,7.2,0.1,0.569,0.076,130,2025-09-19
MARIOIN,226,Marion County Jail,695 Justice Way,Indianapolis,IN,46203,USMS IGA,USMS IGA,365,55.4,53.3,55.4,0,24.3,31.1,0,0.561,0,126,2025-06-08
PVHOSIN,NA,PARKVIEW HOSPITAL RANDALLIA,NA,NA,IN,NA,NA,Medical,365,0,0,0,0,0,0,0,1,0,1,2025-09-06
PKMEDIN,NA,PARKVIEW REGIONAL MEDICAL CENTER,NA,NA,IN,NA,NA,Medical,365,0,0,0,0,0,0,0,0.786,0.786,1,2025-03-29
UHOSPIN,NA,UNION HOSPITAL,NA,NA,IN,NA,NA,Medical,365,0,0,0,0,0,0,0,0,0,1,2025-04-29
CHASEKS,66,Chase County Jail,301 South Walnut Street,Cottonwood Falls,KS,66845,IGSA,IGSA,365,107.2,102.6,98.8,8.4,54.8,52.4,0,0.489,0.078,150,2025-04-28
FINNEKS,133,Finney County Jail,304 N. 9th Street,Garden City,KS,67846,NA,Non-Dedicated,365,2,1.2,1.9,0.1,0.9,1.1,0,0.546,0.042,11,2025-02-26
GCPFCKS,NA,GARDEN CITY PROCESSING @ FINNEY CO,NA,NA,KS,NA,NA,Other/Unknown,365,0,0,0,0,0,0,0,0.667,0,3,2025-07-22
BOPLVN,211,Leavenworth US Penitentiary,1300 Metropolitan Ave.,Leavenworth,KS,66048,BOP,BOP,365,42.1,41.4,42.1,0,29.2,13,0,0.308,0,105,2025-03-03
PRVMDKS,NA,PROVIDENCE MEDICAL GROUP,NA,NA,KS,NA,NA,Medical,365,0,0,0,0,0,0,0,1,0,1,2025-07-04
WICHOLD,2071,WICHITA HOLDROOM,NA,NA,KS,NA,NA,Hold/Staging,365,0,0,0,0,0,0,0,0.75,0.25,2,2025-05-31
BLGHOLD,2152,BOWLING GREEN HOLD ROOM,NA,NA,KY,NA,NA,Hold/Staging,365,0,0,0,0,0,0,0,0,0,1,2024-10-09
BOONEKY,26,Boone County Jail,3020 Conrad Lane,Burlington,KY,41005,USMS IGA,USMS IGA,365,170.3,166.5,165.6,4.7,116.7,53.6,0,0.315,0.027,227,2025-07-23
BOURBKY,28,Bourbon County Detention Center,"Bourbon Co Courthouse, Main Street",Paris,KY,40361,IGSA,IGSA,365,2.9,2.4,2.6,0.3,1.1,1.8,0,0.62,0.098,25,2025-08-06
CPBDCKY,52,Campbell County Detention Center,601 Central Ave,Newport,KY,41071,USMS IGA,USMS IGA,365,55.4,54.6,49.6,5.8,21.1,34.3,0,0.62,0.105,162,2025-07-29
CHRISKY,72,Christian County Jail,"410 West 7th Street,",Hopkinsville,KY,42240,NA,Federal,365,0.1,0.1,0.1,0,0.1,0,0,0.349,0,19,2025-09-30
FAYETKY,132,Fayette County Detention Center,600 Old Frankford Cr,Lexington,KY,40510,USMS IGA,USMS IGA,365,2.5,1.6,2.4,0.1,1.4,1.1,0,0.45,0.028,13,2025-03-07
GRAYSKY,153,Grayson County Jail,320 Shaw Station Road,Leitchfield,KY,42754,USMS IGA,USMS IGA,365,71.9,69.8,8.4,63.5,23.9,48,0,0.668,0.883,158,2025-06-12
HPKNSKY,167,Hopkins County Jail,2250 Lafoon Trail,Madisonville,KY,42431,USMS IGA,USMS IGA,365,55.1,54.3,50.8,4.3,21.2,33.9,0,0.616,0.078,178,2025-08-12
KENTOKY,194,Kenton County Jail,3000 Decker Crane Lane,Covington,KY,41017,IGSA,IGSA,365,28.7,28.1,28.7,0,13.4,15.3,0,0.534,0,115,2025-09-19
LEXFCKY,NA,LEXINGTON PROCESSING @ FAYETTE CO,NA,NA,KY,NA,NA,Federal,365,0.1,0,0.1,0,0.1,0,0,0.387,0.129,3,2024-10-07
LOUHOLD,2072,LOUISVILLE HOLD ROOM,NA,NA,KY,NA,NA,Hold/Staging,365,0.6,0,0.5,0.1,0.2,0.3,0,0.59,0.167,23,2025-03-12
LARELKY,209,Laurel County Correctional Center,440 Hammock Road,London,KY,40744,USMS IGA,USMS IGA,365,2.8,2.1,1.8,1.1,1.2,1.6,0,0.568,0.376,50,2025-04-11
OLDHAKY,274,Oldham County Detention Center,3405 W Hwy 146,La Grange,KY,40031,USMS IGA,USMS IGA,365,64.3,61.6,62.6,1.6,34.3,30,0,0.466,0.025,156,2025-09-17
JENATLA,7,Alexandria Staging Facility,96 George Thompson Dr.,Alexandria,LA,71303,STAGING,STAGING,365,471.2,334.9,470.7,0.3,186.4,284.8,0,0.604,0.001,836,2025-08-28
APPSCLA,10,Allen Parish Public Safety Complex,7340 Highway 26 West,Oberlin,LA,70655,IGSA,IGSA,365,169.4,167.2,168.8,0.2,50.3,119.1,0,0.703,0.001,196,2025-01-24
JENADLA,208,Central Louisiana ICE Processing Center (CLIPC),830 Pinehill Road,Jena,LA,71342,DIGSA,DIGSA,365,1190.9,1162.6,1190.5,0.4,478.6,712.3,0,0.598,0,1422,2025-08-29
JKPCCLA,178,Jackson Parish Correctional Center,327 Industrial Drive,Jonesboro,LA,71251,DIGSA,DIGSA,365,1072.7,1052.9,1068,4.7,69.7,1003,0,0.935,0.004,1198,2025-06-22
OLACCLA,207,Lasalle Correctional Center Olla,15976 Hwy 165,Olla,LA,71465,NA,Non-Dedicated,365,0,0,0,0,0,0,0,1,0,1,2025-02-22
LICEPLA,221,Louisiana ICE Processing,18198 Tunica Trace Bldg E,Angola,LA,70712,IGSA,IGSA,365,13.1,13,13.1,0,12.1,0.9,0,0.073,0,202,2025-09-23
NOLHOLD,2014,NEW ORLEANS HOLD ROOM,NA,NA,LA,NA,NA,Hold/Staging,365,0.4,0.1,0.2,0.2,0,0.4,0.2,0.92,0.507,5,2025-06-11
NLSCOLA,253,Nelson Coleman Correction,5061 Highway 3127,Killona,LA,70057,USMS IGA,USMS IGA,365,1.9,1.2,1.9,0,0.5,1.4,0,0.751,0,18,2025-06-18
BOPOAD,NA,OAKDALE FED.DET.CENTER,NA,NA,LA,NA,NA,Federal,365,0,0,0,0,0,0,0,0.833,0,4,2025-04-01
OAKHOLD,2073,OAKDALE HOLDING ROOM,NA,NA,LA,NA,NA,Hold/Staging,365,0.1,0,0.1,0,0,0.1,0,0.812,0.104,14,2025-09-12
PINEPLA,292,Pine Prairie ICE Processing Center,1133 Hampton Dupre Road,Pine Prairie,LA,70576,DIGSA,DIGSA,365,842,780.8,841.7,0.2,303.9,538.2,0,0.639,0,1208,2025-09-01
RWCCMLA,310,Richwood Correctional Center,180 Pine Bayou Circle,Monroe,LA,71202,DIGSA,DIGSA,365,949.5,936.1,199.9,749.5,95.5,854,0,0.899,0.789,1177,2025-06-17
RVRCCLA,314,River Correctional Center,26362 Highway 15,Ferriday,LA,71334,DIGSA,DIGSA,365,557.7,551.1,557.7,0,32.4,525.3,0,0.942,0,605,2025-04-30
VVSHOLD,2074,SHREVEPORT HOLD ROOM,NA,NA,LA,NA,NA,Hold/Staging,365,1.1,0,1,0.1,0.4,0.7,0,0.628,0.064,8,2025-08-28
STCHRLA,NA,ST CHARLES PARISH JAIL,NA,NA,LA,NA,NA,Non-Dedicated,365,0,0,0,0,0,0,0,0,0,1,2025-08-23
BASILLA,339,South Louisiana ICE Processing Center,3843 Stagg Avenue,Basile,LA,70515,DIGSA,DIGSA,365,891.8,874.2,0.1,891,134.1,757.7,0,0.85,0.999,1033,2025-09-24
LAWINCI,391,Winn Correctional Center,560 Gum Spring Road,Winnfield,LA,71483,DIGSA,DIGSA,365,1575.3,1550,1575.2,0,379.4,1195.9,0,0.759,0,1730,2025-08-16
BIDHPMA,NA,BETH ISRAEL DEACONESS HOSP,NA,NA,MA,NA,NA,Medical,365,0.4,0.4,0.4,0,0.3,0.1,0,0.32,0,3,2025-02-14
BOSHOLD,2003,BOSTON HOLDROOM,NA,NA,MA,NA,NA,Hold/Staging,365,18.8,8.7,16.3,2.5,3.1,15.7,0.2,0.836,0.131,206,2025-05-13
BPC,NA,BOSTON SPC,NA,NA,MA,NA,NA,Other/Unknown,365,0.1,0.1,0.1,0,0,0.1,0,1,0.103,2,2025-09-09
BOPDEV,NA,DEVENS FMC,NA,NA,MA,NA,NA,Federal,365,0,0,0,0,0,0,0,1,0,1,2025-06-20
GREENMA,142,Franklin County House of Correction,160 Elm Street,Greenfield,MA,1301,NA,Federal,365,0,0,0,0,0,0,0,1,1,1,2025-08-09
LHMCBMA,NA,LAHEY HOSPITAL & MED CTR,NA,NA,MA,NA,NA,Medical,365,0,0,0,0,0,0,0,1,0,2,2025-05-21
LSHOSMA,NA,LEMUEL SHATTUCK HOSPITAL,NA,NA,MA,NA,NA,Medical,365,0,0,0,0,0,0,0,0.5,0,1,2025-03-12
PLYMOMA,296,Plymouth County Correctional Facility,26 Long Pond Road,Plymouth,MA,02360,IGSA,IGSA,365,448.9,438,448.9,0,143.3,305.7,0,0.681,0,549,2025-05-08
UMASSMA,NA,UMASS MEMORIAL MEDICAL CENTER,NA,NA,MA,NA,NA,Medical,365,0,0,0,0,0,0,0,0,0,1,2025-03-31
BALHOLD,2002,BALTIMORE HOLD ROOM,NA,NA,MD,NA,NA,Hold/Staging,365,29.9,20.7,26.2,3.7,10.2,19.8,0.1,0.661,0.124,120,2025-06-13
FREDEMD,144,Frederick County Detention Center,7300 Marcie's Choice Lane,Frederick,MD,21704,NA,Non-Dedicated,365,0,0,0,0,0,0,0,0,0,1,2024-11-30
SALHOLD,2153,SALISBURY HOLD ROOM,NA,NA,MD,NA,NA,Hold/Staging,365,2.1,0,1.9,0.2,0.9,1.2,0,0.58,0.084,23,2025-08-05
SMARYMD,NA,ST. MARY'S CO DET CNTR,NA,NA,MD,NA,NA,Non-Dedicated,365,0,0,0,0,0,0,0,0,0,1,2025-09-08
UNMEDMD,NA,UNIV OF MARYLAND MEDICAL CENTER,NA,NA,MD,NA,NA,Medical,365,0.2,0.2,0.1,0,0.1,0.1,0,0.541,0.213,2,2025-02-28
WASHIMD,NA,WASHINGTON CO. DETENTION,NA,NA,MD,NA,NA,Non-Dedicated,365,0,0,0,0,0,0,0,0.714,0,1,2025-07-10
CUMBEME,91,Cumberland County Jail,50 County Way,Portland,ME,04102,USMS IGA,USMS IGA,365,55.1,54.2,41.4,13.7,26.3,28.8,0,0.522,0.248,86,2025-02-27
POMHOLD,2075,"PORTLAND, ME HOLDROOM",NA,NA,ME,NA,NA,Hold/Staging,365,0.1,0,0.1,0,0,0.1,0,0.784,0.054,3,2025-06-05
TBRJLME,369,Two Bridges Regional Jail,522 Bath Rd,Wiscasset,ME,04578,USMS IGA,USMS IGA,365,11.1,11,11,0,4.9,6.2,0,0.559,0,25,2025-03-11
BBCHPMI,NA,BRONSON BATTLE CREEK HOSP,NA,NA,MI,NA,NA,Medical,365,0,0,0,0,0,0,0,1,0,1,2024-10-22
BROHOMI,NA,BRONSON METHODIST HOSPITAL,NA,NA,MI,NA,NA,Medical,365,0.2,0.2,0.2,0,0,0.2,0,0.961,0,2,2024-11-23
BTSHOMI,NA,COREWELL HLTH GR HOSP-BUTTERWORTH,NA,NA,MI,NA,NA,Medical,365,0,0,0,0,0,0,0,1,0,1,2025-08-29
CALHOMI,46,Calhoun County Correctional Center,185 East Michigan Avenue,Battle Creek,MI,49014,IGSA,IGSA,365,158.1,154.5,140.9,17.2,50.3,107.8,0,0.682,0.109,234,2025-06-10
CHIPPMI,70,Chippewa County SSM,325 Court Street,Sault Ste. Marie,MI,49783,IGSA,IGSA,365,33.8,33.2,33.8,0,10.8,23,0,0.681,0,50,2025-02-02
DETHOLD,2008,DETROIT HOLDROOM,NA,NA,MI,NA,NA,Hold/Staging,365,1.2,0.3,1,0.1,0.1,1.1,0.1,0.915,0.126,47,2025-06-19
GRMHOLD,2076,GRAND RAPIDS HOLDROOM,NA,NA,MI,NA,NA,Hold/Staging,365,0.8,0.1,0.8,0,0.3,0.5,0,0.623,0.027,9,2025-06-24
MLPHHMI,NA,MCLAREN PORT HURON HOSP,NA,NA,MI,NA,NA,Medical,365,0,0,0,0,0,0,0,1,0,1,2025-04-28
MNROEMI,NA,MONROE COUNTY SHERIFF/JAIL-MAIN,NA,NA,MI,NA,NA,Non-Dedicated,365,0,0,0,0,0,0,0,0.667,0,7,2025-01-26
MHCHSMI,NA,MUNSON HEALTHCARE CADILLAC HOSP,NA,NA,MI,NA,NA,Medical,365,0,0,0,0,0,0,0,1,0,1,2025-09-18
MMMCSMI,NA,MYMICHIGAN MEDICAL CENTER SAULT,NA,NA,MI,NA,NA,Medical,365,0,0,0,0,0,0,0,0,0,1,2025-09-26
MONROMI,240,Monroe County Detention-Dorm,7000 East Dunbar Road,Monroe,MI,48161,IGSA,IGSA,365,109.6,107.4,109.6,0,16.1,93.6,0,0.854,0,162,2025-02-17
NRLKCMI,260,North Lake Correctional Facility,1805 W 32nd St,Baldwin,MI,49304,CDF,CDF,365,151,148.5,146.8,4.3,24.9,126.1,0,0.835,0.028,1025,2025-09-30
PMMRHMI,NA,PROMEDICA MONROE REG HOSP,NA,NA,MI,NA,NA,Medical,365,0,0,0,0,0,0,0,1,0,1,2025-09-11
STCLAMI,346,St. Clair County Jail,1170 Michigan Road,Port Huron,MI,48060,IGSA,IGSA,365,65.1,63.6,65.1,0,20,45.1,0,0.693,0,90,2025-01-28
SPMHOLD,2024,BISHOP HENRY WHIPPLE FED BLDG,NA,NA,MN,NA,NA,Hold/Staging,365,11.6,0.6,10.9,0.7,4.6,7.1,0.1,0.607,0.06,87,2025-02-12
CCRMHMN,NA,CENTRACARE RICE MEMORIAL HOSP,NA,NA,MN,NA,NA,Medical,365,0.1,0.1,0.1,0,0,0.1,0,1,0,1,2025-01-13
FREEBMN,145,Freeborn County Adult Detention Center,411 South Broadway Avenue,Albert Lea,MN,56007,IGSA,IGSA,365,78.3,76.3,78.2,0.1,41.3,37,0,0.472,0.001,104,2025-06-11
HCMCMMN,NA,HENNEPIN COUNTY MED CTR,NA,NA,MN,NA,NA,Medical,365,0,0,0,0,0,0,0,1,0,1,2025-08-02
KANDIMN,184,Kandiyohi County Jail,2201 23rd St Ne,Willmar,MN,56201,IGSA,IGSA,365,141.8,138.5,129.5,12.2,71.8,70,0,0.494,0.086,169,2025-02-12
MHFSHMN,NA,M HEALTH FAIRVIEW SOUTHDALE HOSP,NA,NA,MN,NA,NA,Medical,365,0,0,0,0,0,0,0,0,0,1,2024-10-29
MYOMKMN,NA,MAYO CLINIC HEALTH SYS - MANKATO,NA,NA,MN,NA,NA,Medical,365,0.1,0.1,0.1,0,0.1,0,0,0.459,0,2,2025-07-10
MCHALMN,NA,MAYO CLINIC HEALTH SYS ALBERT LEA,NA,NA,MN,NA,NA,Medical,365,0,0,0,0,0,0,0,0,0,1,2024-10-17
MRYHPMN,NA,MERCY HOSPITAL,NA,NA,MN,NA,NA,Medical,365,0,0,0,0,0,0,0,1,0,1,2025-07-02
NWRCCMN,268,Northwest Regional Corrections Center,"816 Marin Ave., Suite 110",Crookston,MN,56716,USMS IGA,USMS IGA,365,4.7,4.4,3.9,0.8,0.9,3.9,0,0.818,0.174,23,2025-07-28
SHERBMN,335,Sherburne County Jail,13880 Business Center Drive,Elk River,MN,55330,IGSA,IGSA,365,61.6,59.5,58.7,2.9,28.7,32.9,0,0.534,0.047,115,2025-08-16
WAJAIMN,NA,WASHINGTON COUNTY JAIL,NA,NA,MN,NA,NA,Federal,365,0.2,0.1,0.2,0,0.1,0.1,0,0.4,0.031,4,2025-02-07
COXMEMO,NA,COXHEALTH MEDICAL CENTER SOUTH,NA,NA,MO,NA,NA,Medical,365,0.1,0.1,0,0,0,0,0,0.25,0.25,1,2025-03-12
SPGHOLD,2077,ERO HOLD ROOM (SPRINGFIELD MO),NA,NA,MO,NA,NA,Hold/Staging,365,1.2,0.2,1.1,0.1,0.4,0.9,0,0.701,0.084,62,2025-09-24
GREENMO,154,Greene County Jail,1199 N Haseltine Rd,Springfield,MO,65802,USMS IGA,USMS IGA,365,147.2,141.3,132,14.8,59.7,87.5,0,0.595,0.101,307,2025-06-17
KANHOLD,186,Kansas City Holdroom,9747 Nw Conant Avenue,Kansas City,MO,64153,NA,Hold/Staging,365,6.2,0.2,5.7,0.5,2.4,3.8,0,0.614,0.088,64,2025-05-09
LINCOMO,216,Lincoln County Detention Center,65 Business Park Drive,Troy,MO,63379,NA,Non-Dedicated,365,0.2,0.2,0.2,0,0.2,0,0,0.144,0.044,4,2024-10-05
MRYHOMO,NA,MERCY HOSPITAL SOUTH,NA,NA,MO,NA,NA,Medical,365,0,0,0,0,0,0,0,1,0,1,2025-04-08
OZARKMO,284,Ozark County Sheriff's Office,1818 County Road 806,Gainesville,MO,65655,IGSA,IGSA,365,6.4,5,6.4,0,3.3,3.2,0,0.492,0.005,36,2025-07-16
PHELSMO,NA,PHELPS HEALTH HOSPITAL,NA,NA,MO,NA,NA,Medical,365,0,0,0,0,0,0,0,0.333,0,1,2025-04-07
PHELPMO,287,Phelps County Jail (Missouri),301 W. 2nd,Rolla,MO,65401,USMS IGA,USMS IGA,365,23.3,22.2,21.1,2.2,7.8,15.5,0,0.665,0.095,71,2025-06-24
PLATTMO,294,Platte County Detention Center,415 Third Street,Platte City,MO,64079,NA,Non-Dedicated,365,0,0,0,0,0,0,0,0,0,1,2025-03-07
BOPSPG,NA,SPRINGFIELD FED.MED.CNTR,NA,NA,MO,NA,NA,Federal,365,0.1,0,0.1,0,0.1,0,0,0,0,2,2024-10-10
STLHOLD,2078,ST. LOUIS HOLDROOM,NA,NA,MO,NA,NA,Hold/Staging,365,3.8,0.1,3.5,0.3,1.4,2.4,0,0.634,0.089,36,2025-09-02
STGENMO,347,Ste. Genevieve County Sheriff/Jail,5 Basler Dr.,Ste. Genevieve,MO,63670,USMS IGA,USMS IGA,365,45,42.8,40.7,4.3,14.6,30.4,0,0.676,0.095,128,2025-09-03
SAIHOLD,2079,SAIPAIN HOLD,NA,NA,MP,NA,NA,Hold/Staging,365,0,0,0,0,0,0,0,0.667,0,1,2024-11-15
MPSIPAN,324,Saipan Department of Corrections (Susupe),"Vicente T. Seman Bldg, Civic Center",Saipan,MP,96950,USMS IGA,USMS IGA,365,9.4,9.3,8.3,1.2,3.9,5.5,0,0.582,0.123,24,2025-09-16
ADAMSMS,3,Adams County Detention Center (Mississippi),20 Hobo Fork Rd.,Natchez,MS,39120,DIGSA,DIGSA,365,2181.8,2159.5,2181.7,0,64.2,2117.6,0,0.971,0,2409,2025-08-15
HARRIMS,NA,HARRISON DETENTION CENTER,NA,NA,MS,NA,NA,Non-Dedicated,365,0,0,0,0,0,0,0,0.5,0,1,2025-08-27
HCPSCMS,158,Hancock County Public Safety Complex,8450 Highway 90,Bay St. Louis,MS,39520,IGSA,IGSA,365,35.8,23.7,31.7,4,8.3,27.4,0,0.767,0.112,106,2025-06-18
JAKHOLD,2080,JACKSON MS HOLD ROOM,NA,NA,MS,NA,NA,Hold/Staging,365,4.2,0.1,4,0.2,2.4,1.8,0,0.434,0.036,23,2025-08-29
MADISMS,223,Madison County Jail,2935 Highway 51,Canton,MS,39046,USMS IGA,USMS IGA,365,12.3,8.2,11.4,1,3.6,8.7,0,0.705,0.08,70,2025-08-21
TALLAMS,358,Tallahatchie County Correctional Facility,415 U.s. Highway 49 North,Tutwiler,MS,38963,NA,Federal,365,0,0,0,0,0,0,0,0,0,1,2025-05-07
BILHOLD,2081,BILLINGS HOLD ROOM,NA,NA,MT,NA,NA,Hold/Staging,365,0,0,0,0,0,0,0,1,0,1,2025-06-21
CASCAMT,56,"Cascade County Jail, Montana",3800 Ulm North Frontage Road,Great Falls,MT,59404,NA,Federal,365,0.7,0.6,0.7,0,0.4,0.3,0,0.465,0,5,2025-08-03
HELHOLD,2082,HEL DISTRICT CUSTODY,NA,NA,MT,NA,NA,Hold/Staging,365,0,0,0,0,0,0,0,0.353,0,2,2025-08-19
ALAMCNC,5,Alamance County Detention Facility,109 South Maple Street,Graham,NC,27253,IGSA,IGSA,365,32.9,23.6,31.7,1.2,17.7,15.2,0,0.462,0.036,85,2025-05-14
CLTHOLD,2083,CHARLOTTE HOLD ROOM,NA,NA,NC,NA,NA,Hold/Staging,365,9.7,2.8,9.1,0.7,4.1,5.6,0.1,0.578,0.068,48,2025-06-29
CBRRSNC,43,Cabarrus County Jail,30 Corban Avenue Se,Concord,NC,28025,NA,Non-Dedicated,365,0.7,0.4,0.6,0.1,0.4,0.3,0,0.415,0.112,6,2025-07-31
GASTNNC,148,Gaston County Jail,425 North Marietta Street,Gastonia,NC,28052,NA,Non-Dedicated,365,0.6,0.4,0.6,0,0.2,0.4,0,0.606,0.014,6,2025-03-19
HENDENC,NA,HENDERSON COUNTY DET. FAC.,NA,NA,NC,NA,NA,Non-Dedicated,365,0.1,0,0.1,0,0,0,0,0.632,0,2,2025-02-19
HENHOLD,2084,HENDERSONVILLE HOLD ROOM,NA,NA,NC,NA,NA,Hold/Staging,365,0,0,0,0,0,0,0,0.778,0.056,5,2025-05-29
NWHNVNC,255,New Hanover County Jail,3950 Juvenile Rd,Castle Hayne,NC,28429,NA,Non-Dedicated,365,2.8,2,2.7,0,1.6,1.2,0,0.437,0.016,10,2025-07-18
RDUHOLD,2085,RALEIGH HOLD ROOM,NA,NA,NC,NA,NA,Hold/Staging,365,3.8,0.1,3.6,0.2,2.3,1.4,0,0.383,0.044,14,2025-07-11
AHGRFND,NA,ALTRU HOSPITAL GRAND FORKS,NA,NA,ND,NA,NA,Medical,365,0,0,0,0,0,0,0,1,0,1,2025-06-02
BURLEND,39,Burleigh County,P.o. Box 1416,Bismarck,ND,58502,USMS IGA,USMS IGA,365,7.3,7,6.5,0.8,2,5.3,0,0.726,0.112,53,2025-09-04
GFJUVND,NA,GRAND FORKS CO. JUVENILE,NA,NA,ND,NA,NA,Family/Youth,365,0.2,0.2,0.2,0,0.2,0,0.2,0,0,1,2025-07-29
GRFHOLD,2086,GRAND FORKS HOLD ROOM,NA,NA,ND,NA,NA,Hold/Staging,365,0.5,0,0.4,0,0.2,0.3,0,0.56,0.074,13,2025-07-08
GFCORND,152,Grand Forks County Correctional Facility,1701 North Washington St,Grand Forks,ND,58203,USMS IGA,USMS IGA,365,9.3,8.4,9.1,0.1,4.1,5.2,0,0.561,0.013,24,2025-08-18
PIERCND,NA,PIERCE COUNTY JAIL,NA,NA,ND,NA,NA,Other/Unknown,365,0,0,0,0,0,0,0,1,0,1,2024-12-29
WARDCND,377,Ward County Jail,P.o. Box 907,Minot,ND,58702,USMS IGA,USMS IGA,365,1.3,1,1.3,0.1,0.5,0.9,0,0.641,0.057,8,2025-08-12
MDLNDNE,NA,CHI HEALTH MIDLANDS HOSPITAL,NA,NA,NE,NA,NA,Medical,365,0,0,0,0,0,0,0,0,0,1,2025-08-20
CASSCNE,57,Cass County Jail,336 Main Street,Plattsmouth,NE,68048,USMS IGA,USMS IGA,365,8.5,8.2,7.7,0.8,5,3.4,0,0.407,0.089,27,2025-09-30
DAKOTNE,92,Dakota County Jail,1601 Broadway,Dakota City,NE,68731,USMS IGA,USMS IGA,365,22.7,21.5,19.8,2.8,14.2,8.5,0,0.374,0.125,67,2025-07-19
GRIHOLD,2087,GRAND ISLAND HOLD ROOM,NA,NA,NE,NA,NA,Hold/Staging,365,0,0,0,0,0,0,0,0,0,1,2025-06-25
HASHENE,156,Hall County Department of Corrections,110 Public Safety Drive,Grand Island,NE,68801,IGSA,IGSA,365,2.3,2,2.3,0,1.4,0.9,0,0.377,0,19,2025-09-10
LINCONE,217,Lincoln County Jail,3020 N Jeffers,North Platte,NE,69101,USMS IGA,USMS IGA,365,19.5,18.8,13.4,6,8.1,11.4,0,0.585,0.31,79,2025-07-03
NRPHOLD,2088,NORTH PLATTE HOLD ROOM,NA,NA,NE,NA,NA,Hold/Staging,365,0.1,0,0.1,0,0.1,0,0,0.342,0.105,13,2025-03-08
OMAHOLD,2089,OMAHA FO HOLD,NA,NA,NE,NA,NA,Hold/Staging,365,7.1,0.5,6.5,0.6,4.3,2.9,0,0.402,0.091,73,2025-06-11
PHELPNE,288,Phelps County Jail (Nebraska),715 5th Avenue,Holdrege,NE,68949,USMS IGA,USMS IGA,365,31.2,30.5,29.5,1.8,24.3,6.9,0,0.222,0.056,44,2025-04-02
SCOTTNE,NA,SCOTTS BLUFF CO JAIL,NA,NA,NE,NA,NA,Federal,365,0.1,0,0.1,0,0.1,0,0,0.13,0,2,2025-04-21
SALINNE,325,Saline County Jail,225 S. Main St.,Wilber,NE,68465,NA,Other/Unknown,365,0,0,0,0,0,0,0,0.286,0,7,2025-09-09
SARPYNE,330,Sarpy County Jail,1208 Golden Gate Drive,Papillion,NE,68046,USMS IGA,USMS IGA,365,5.6,5.4,5.4,0.2,5.1,0.4,0,0.081,0.036,19,2025-09-25
BOPBER,23,Berlin Federal. Correctional. Institution.,1 Success Loop Dr.,Berlin,NH,03570,BOP,BOP,365,138.9,137,138.8,0,32.8,106.1,0,0.764,0,349,2025-05-29
MANHOLD,2090,MANCHESTER HOLDROOM,NA,NA,NH,NA,NA,Hold/Staging,365,0.5,0,0.5,0,0.2,0.3,0,0.6,0.028,9,2025-02-18
STRAFNH,350,Strafford County Corrections,266 County Farm Road,Dover,NH,03820,IGSA,IGSA,365,111.9,109.6,96.7,15.2,47.3,64.5,0,0.577,0.136,177,2025-07-21
WWDHDNH,NA,WENTWORTH DOUGLAS HOSPITAL,NA,NA,NH,NA,NA,Medical,365,0.1,0.1,0.1,0,0,0.1,0,1,0,1,2024-10-06
DHDFNJ,NA,DELANEY HALL DETENTION FACILITY,NA,NA,NJ,NA,NA,Non-Dedicated,365,263.4,254.5,242.3,21.1,34.6,228.7,0,0.869,0.08,972,2025-06-12
ESSEXNJ,125,Delaney Hall Detention Facility,451 Doremus Avenue,Newark,NJ,07105,CDF,CDF,365,0,0,0,0,0,0,0,0.077,0.077,1,2025-02-03
ELZICDF,121,Elizabeth Detention Center,625 Evans Street,Elizabeth,NJ,07201,CDF,CDF,365,305.4,288,284,21.1,67.9,237.5,0,0.778,0.069,405,2025-06-27
MONMONJ,NA,MONMOUTH COUNTY JAIL,NA,NA,NJ,NA,NA,Non-Dedicated,365,0,0,0,0,0,0,0,1,0,1,2025-04-28
MLJHOLD,2155,MOUNT LAUREL HOLD ROOM,NA,NA,NJ,NA,NA,Hold/Staging,365,5.6,0.4,5.3,0.2,2.5,3.1,0,0.554,0.044,26,2025-06-03
NEWHOLD,2016,NEW/INS OS HOLD ROOM,NA,NA,NJ,NA,NA,Hold/Staging,365,0.8,0.2,0.4,0.4,0.2,0.6,0.3,0.793,0.456,12,2024-11-21
PHRCENJ,NA,PLAZA HEALTHCARE REHAB CENTER,NA,NA,NJ,NA,NA,Medical,365,0,0,0,0,0,0,0,1,0,1,2025-09-05
TRRMCNJ,NA,TRINITAS REGIONAL MED CTR,NA,NA,NJ,NA,NA,Medical,365,0.8,0.7,0.7,0,0,0.7,0,0.958,0.053,3,2025-04-13
UNIVHNJ,NA,UNIVERSITY HOSPITAL,NA,NA,NJ,NA,NA,Medical,365,0.2,0.2,0.2,0,0.1,0.1,0,0.427,0.079,2,2025-09-10
ABQHOLD,2091,ALBUQUERQUE HOLD ROOM,NA,NA,NM,NA,NA,Hold/Staging,365,2.1,0.5,2,0.1,0.7,1.4,0,0.645,0.042,45,2025-03-25
BERNANM,NA,BERNALILLO COUNTY DET CTR,NA,NA,NM,NA,NA,Dedicated,365,0,0,0,0,0,0,0,1,0,1,2025-05-28
CIBOGNM,NA,CIBOLA GENERAL HOSPITAL,NA,NA,NM,NA,NA,Medical,365,0,0,0,0,0,0,0,0,0,1,2025-03-23
CHAVENM,68,Chavez Detention Center,3701 S. Atkinson,Roswell,NM,88201,NA,Non-Dedicated,365,2.1,1.1,1.8,0.3,0.4,1.7,0,0.808,0.15,16,2025-09-17
CIBOCNM,74,Cibola County Correctional Center,2000 Cibola Loop,Milan,NM,87021,IGSA,IGSA,365,223.8,219.6,223.8,0,37.5,186.3,0,0.832,0,434,2025-04-11
CIBOLNM,75,Cibola County Detention Center,P.o. Box 3540,Grants,NM,87020,NA,Non-Dedicated,365,0,0,0,0,0,0,0,0,0,1,2025-05-11
DONAANM,110,Dona Ana County Detention Center,1850 Copper Loop,Las Cruces,NM,88004,NA,Non-Dedicated,365,0.4,0.4,0,0.4,0.4,0,0,0,1,1,2025-04-24
LASHOLD,2156,LAS CRUCES HOLD ROOM,NA,NA,NM,NA,NA,Hold/Staging,365,0.4,0.2,0.2,0.2,0.1,0.3,0,0.8,0.511,7,2025-08-05
OTRPCNM,283,Otero County Processing Center,26 Mcgregor Range Road,Chaparral,NM,88081,DIGSA,DIGSA,365,894.5,871.9,733.9,160.6,194.7,699.8,0,0.782,0.18,1056,2025-07-28
PRSHANM,NA,PRESBYTERIAN HOSP ABQ,NA,NA,NM,NA,NA,Medical,365,0.1,0.1,0.1,0,0,0.1,0,1,0,2,2025-03-26
RSWHOLD,2157,ROSWELL HOLD ROOM,NA,NA,NM,NA,NA,Hold/Staging,365,2.1,0.1,1.8,0.3,0.4,1.7,0,0.803,0.153,16,2025-09-17
TOORANM,364,Torrance County Detention Facility,209 County Road 49,Estancia,NM,87016,IGSA,IGSA,365,463,455.1,463,0.1,66.8,396.2,0,0.856,0,719,2025-03-26
UNMHANM,NA,UNIVERSITY OF NEW MEXICO HOSPITAL,NA,NA,NM,NA,NA,Medical,365,0.1,0,0.1,0,0,0.1,0,1,0,1,2025-03-27
DVHSPNV,NA,DESERT VIEW HOSPITAL,NA,NA,NV,NA,NA,Medical,365,0,0,0,0,0,0,0,0.286,0,1,2024-10-18
HDHSPNV,NA,HENDERSON HOSPITAL,NA,NA,NV,NA,NA,Medical,365,0,0,0,0,0,0,0,0.25,0,1,2025-05-20
HENDENV,162,Henderson Detention,18 E Basic Road,Henderson,NV,89015,USMS IGA,USMS IGA,365,78.1,74.5,61.2,16.9,40.4,37.7,0,0.483,0.216,120,2025-07-08
LVGHOLD,2092,LAS VEGAS HOLD ROOM,NA,NA,NV,NA,NA,Hold/Staging,365,4.2,0.1,4,0.2,1.9,2.3,0,0.547,0.042,68,2025-04-18
NNVMCNV,NA,NORTHERN NEVADA MED CTR,NA,NA,NV,NA,NA,Medical,365,0,0,0,0,0,0,0,1,0,1,2025-05-08
NVSDCNV,254,Nevada Southern Detention Center,2190 East Mesquite Avenue,Pahrump,NV,89060,USMS CDF,USMS CDF,365,364.4,353.8,364.4,0,213.3,151.2,0,0.415,0,542,2025-06-06
NYEPANV,271,Nye County Detention Center (Nevada),1520 E. Basin Road,Pahrump,NV,89060,NA,Non-Dedicated,365,7,6.6,7,0,5.5,1.5,0,0.208,0,90,2024-10-08
RENHOLD,2093,RENO HOLD ROOM,NA,NA,NV,NA,NA,Hold/Staging,365,0.2,0,0.2,0,0.1,0,0,0.19,0.048,10,2025-05-05
SHMCHNV,NA,SUMMERLIN HOSPITAL MEDICAL CENTER,NA,NA,NV,NA,NA,Medical,365,0,0,0,0,0,0,0,1,0,1,2025-07-23
UMCLVNV,NA,UNIVERSITY MEDICAL CENTER,NA,NA,NV,NA,NA,Medical,365,0,0,0,0,0,0,0,0,0,2,2025-08-05
WASHONV,381,Washoe County Jail,911 Parr Blvd 775 328 3308,Reno,NV,89506,USMS IGA,USMS IGA,365,18.2,16.6,17.4,0.8,13.3,4.9,0,0.271,0.045,54,2025-09-11
ALBHOLD,2094,ALBANY HOLDROOM,NA,NA,NY,NA,NA,Hold/Staging,365,1.2,0.1,1.1,0.1,0.2,0.9,0,0.812,0.092,16,2025-07-15
ALLEGNY,8,Allegany County Jail,4884 State Route 19,Belmont,NY,14813,IGSA,IGSA,365,6.2,5.8,0.9,5.3,0.5,5.7,0,0.92,0.854,21,2025-06-23
CMDHOLD,2096,BATAVIA COMMAND CENTER HOLDROOM,NA,NA,NY,NA,NA,Hold/Staging,365,0,0,0,0,0,0,0,1,0,1,2024-11-08
BEHOSNY,NA,"BELLEVUE HOSPITAL, MANHAT",NA,NA,NY,NA,NA,Medical,365,0,0,0,0,0,0,0,1,0,1,2025-06-20
BFLHPNY,NA,BUFFALO GENERAL HOSPITAL,NA,NA,NY,NA,NA,Medical,365,0.1,0.1,0.1,0,0,0.1,0,1,0,1,2025-04-15
BUFHOLD,2004,BUFFALO HOLD ROOM,NA,NA,NY,NA,NA,Hold/Staging,365,1.6,1.1,1.1,0.5,0.1,1.5,0.1,0.943,0.316,45,2025-06-16
CBPHOLD,2095,BUFFALO USBP HOLD ROOM,NA,NA,NY,NA,NA,Federal,365,0.2,0.1,0,0.2,0,0.2,0,0.95,1,20,2025-09-17
BOPBRO,31,Brooklyn MDC,100 29th Street,Brooklyn,NY,11232,BOP,BOP,365,29,28.4,29,0,7.2,21.8,0,0.753,0,131,2025-08-25
BROMMNY,34,Broome County Jail,897 Front Street,Binghamton,NY,13905,IGSA,IGSA,365,12,11.6,12,0.1,1.5,10.6,0,0.876,0.005,69,2025-03-31
BTV,38,Buffalo (Batavia) Service Processing Center,4250 Federal Drive,Batavia,NY,14020,SPC,SPC,365,647.2,631.5,647.1,0.1,238.7,408.5,0,0.631,0,967,2025-09-24
CIPHOLD,2159,CENTRAL ISLIP HOLD ROOM,NA,NA,NY,NA,NA,Hold/Staging,365,3,0.3,2.8,0.2,1.2,1.8,0,0.603,0.069,45,2025-06-05
CHMHOLD,2158,CHAMPLAIN HOLD ROOM,NA,NA,NY,NA,NA,Hold/Staging,365,0.2,0,0.1,0.1,0,0.2,0.1,0.942,0.333,8,2025-09-18
CHMCINY,NA,COURTHOUSE USM CNTL ISLIP,NA,NA,NY,NA,NA,Other/Unknown,365,0,0,0,0,0,0,0,0.333,0,1,2025-03-11
CLICONY,83,Clinton County Jail,25 Mccarthy Drive,Plattsburgh,NY,12901,USMS IGA,USMS IGA,365,5.7,5.2,1.6,4.1,1.3,4.4,0,0.775,0.725,15,2025-02-27
ECMCBNY,NA,ERIE COUNTY MEDICAL CENTER,NA,NA,NY,NA,NA,Medical,365,0.2,0.2,0.2,0,0.2,0,0,0.122,0,2,2025-03-06
NYGREAC,NA,GREAT MEADOW C.F.,NA,NA,NY,NA,NA,Other/Unknown,365,0,0,0,0,0,0,0,1,0,1,2025-07-04
JFKTSNY,NA,JFK INTERNATIONAL AP - T7,NA,NA,NY,NA,NA,Other/Unknown,365,5.4,0.4,5,0.3,1.3,4.1,0,0.762,0.064,23,2025-04-01
JHMCJNY,NA,Jamaica Hospital Med Ctr,NA,NA,NY,NA,NA,Medical,365,0,0,0,0,0,0,0,1,0.2,1,2025-02-18
KENMHNY,NA,KENMORE MERCY HOSPITAL,NA,NA,NY,NA,NA,Medical,365,0,0,0,0,0,0,0,1,1,1,2025-05-03
LOCMHNY,NA,LOCKPORT MEMORIAL HOSPITAL,NA,NA,NY,NA,NA,Medical,365,0,0,0,0,0,0,0,1,1,1,2025-08-20
MONTGNY,242,Montgomery County Jail,Park Street,Fonda,NY,12068,IGSA,IGSA,365,2.7,1.8,2.6,0.1,0.5,2.2,0,0.819,0.031,17,2025-06-05
NASTRNY,NA,NASSAU COUNTY ICE TRAILER,NA,NA,NY,NA,NA,Other/Unknown,365,0.7,0.1,0.7,0.1,0.4,0.4,0,0.519,0.082,13,2025-09-17
NUMCENY,NA,NASSAU UNIV MED CTR,NA,NA,NY,NA,NA,Medical,365,0.2,0.1,0.2,0,0.1,0.1,0,0.422,0,3,2025-06-06
PRESBNY,NA,NEW YORK PRESBYTERIAN HOSPITAL,NA,NA,NY,NA,NA,Medical,365,0.8,0.6,0.7,0,0.2,0.6,0,0.79,0.043,5,2025-08-30
NBGHOLD,2160,NEWBURGH HOLDING,NA,NA,NY,NA,NA,Hold/Staging,365,1.5,0,1.5,0,0.8,0.7,0,0.455,0.022,10,2025-07-29
NYCHOLD,2015,NYC HOLD ROOM,NA,NA,NY,NA,NA,Hold/Staging,365,40.7,22.5,35.5,5.1,9.5,31.2,0.6,0.767,0.126,228,2025-06-05
NASSANY,250,Nassau County Correctional Center,100 Carman Avenue,East Meadow,NY,11554,USMS IGA,USMS IGA,365,17.7,12.4,17.7,0,4.8,12.9,0,0.728,0,90,2025-04-12
NIAGANY,256,Niagara County Jail,5526 Niagara Street Extention,Lockport,NY,14094,USMS IGA,USMS IGA,365,3.2,2.9,0.1,3.2,0.1,3.1,0,0.974,0.983,17,2025-06-08
OGRMCNY,NA,ORANGE REGIONAL MED CTR,NA,NA,NY,NA,NA,Medical,365,0.2,0.1,0.2,0,0.1,0.1,0,0.397,0,2,2024-12-13
ORANGNY,279,Orange County Jail (New York),110 Wells Farm Road,Goshen,NY,10924,IGSA,IGSA,365,127.8,125.7,126.7,0,77.8,50,0,0.391,0,179,2025-05-28
ROCGHNY,NA,ROCHESTER GENERAL HOSPITAL,NA,NA,NY,NA,NA,Medical,365,0,0,0,0,0,0,0,1,0,1,2025-02-18
SSHNHNY,NA,SOUTHSIDE HOSP NORTHWELL HLTH,NA,NA,NY,NA,NA,Medical,365,0,0,0,0,0,0,0,1,0,2,2025-06-06
SPRHONY,NA,SPRING VALLEY HOSPITAL,NA,NA,NY,NA,NA,Medical,365,0,0,0,0,0,0,0,0,0,1,2025-02-28
STRMONY,NA,STRONG MEMORIAL HOSPITAL,NA,NA,NY,NA,NA,Medical,365,0.1,0,0.1,0,0,0,0,0.75,0,1,2024-10-13
SUFFONY,NA,SUFFOLK CO.CORREC FAC,NA,NA,NY,NA,NA,Federal,365,0,0,0,0,0,0,0,1,1,1,2025-09-14
SNTRHNY,NA,SUNRISE HOSPITAL,NA,NA,NY,NA,NA,Medical,365,0.1,0.1,0.1,0,0,0,0,0.818,0,1,2025-04-30
SYRHOLD,2161,SYRACUSE HOLD ROOM,NA,NA,NY,NA,NA,Hold/Staging,365,0.6,0.1,0.6,0.1,0.2,0.4,0,0.703,0.108,14,2025-09-15
UHSHONY,NA,UHS WILSON MEDICAL CENTER,NA,NA,NY,NA,NA,Medical,365,0,0,0,0,0,0,0,1,0,1,2025-09-22
UMEMCNY,NA,UNITED MEMORIAL MED CTR,NA,NA,NY,NA,NA,Medical,365,0.1,0.1,0.1,0,0.1,0.1,0,0.593,0,1,2024-11-26
UNIHONY,NA,UNITY HOSPITAL,NA,NA,NY,NA,NA,Medical,365,0,0,0,0,0,0,0,1,0,1,2025-08-18
VRK,NA,VRK PRCS,NA,NA,NY,NA,NA,Hold/Staging,365,0.2,0,0.2,0,0.1,0.1,0,0.698,0.032,12,2025-09-23
NYWASHC,NA,WASHINGTON CORRECTIONAL,NA,NA,NY,NA,NA,Non-Dedicated,365,0,0,0,0,0,0,0,0,1,1,2025-06-18
BUTLEOH,42,Butler County Jail,705 Hanover Street,Hamilton,OH,45011,USMS IGA,USMS IGA,365,165.4,161.7,149.5,15.9,38.9,126.5,0,0.765,0.096,457,2025-06-26
CINHOLD,2097,CINCINNATI HOLDROOM,NA,NA,OH,NA,NA,Hold/Staging,365,0,0,0,0,0,0,0,0.846,0.692,4,2025-02-04
CLEHOLD,2098,CLEVELAND HOLD ROOM,NA,NA,OH,NA,NA,Hold/Staging,365,0.3,0.1,0.2,0.1,0.1,0.3,0.1,0.839,0.237,14,2025-06-04
CLMHOLD,2099,COLUMBUS HOLDROOM,NA,NA,OH,NA,NA,Hold/Staging,365,0.4,0.1,0.4,0,0.1,0.3,0,0.747,0.101,10,2025-03-04
OHNORWE,88,Correctional. Center of Northwest Ohio,3151 County Road 2425,Stryker,OH,43557,USMS IGA,USMS IGA,365,39.5,38.6,24.4,15.1,8.4,31.1,0,0.788,0.382,109,2025-05-27
GEAUGOH,149,Geauga County Jail,12450 Merritt Dr,Chardon,OH,44024,USMS IGA,USMS IGA,365,40.7,39.7,32.2,8.4,12.9,27.8,0,0.683,0.207,71,2025-02-16
MAHONOH,224,Mahoning County Jail,110 Fifth Avenue,Youngstown,OH,44503,USMS IGA,USMS IGA,365,47.6,45.8,35.3,12.2,8,39.6,0,0.832,0.257,132,2025-09-26
CCANOOH,262,Northeast Ohio Correctional Center,2240 Hubbard Road,Youngstown,OH,44505,USMS IGA,USMS IGA,365,128.4,124.9,128.4,0,34.6,93.8,0,0.731,0,285,2025-07-14
STELHOH,NA,ST ELIZABETH YOUNGSTOWN HOSPITAL,NA,NA,OH,NA,NA,Medical,365,0.1,0,0.1,0,0,0.1,0,1,0,2,2025-09-16
SENECOH,333,Seneca County Jail,3040 South State Highway 100,Tiffin,OH,44883,IGSA,IGSA,365,59.9,58.1,56.3,3.6,29.7,30.1,0,0.503,0.06,78,2025-02-24
UHGMCOH,NA,UNIV HOSP GEAUGA MED CTR,NA,NA,OH,NA,NA,Medical,365,0.1,0.1,0,0.1,0,0.1,0,0.814,0.814,1,2024-11-02
BLKREOK,NA,BLACKWELL REGIONAL HOSPITAL,NA,NA,OK,NA,NA,Medical,365,0,0,0,0,0,0,0,1,0,1,2024-11-22
OKCIMMC,76,Cimmarron Correctional Facility,3700 S. Kings Hwy,Cushing,OK,74023,USMS IGA,USMS IGA,365,173.1,167.3,173.1,0,54,119.1,0,0.688,0,578,2025-09-30
GARVIOK,147,Garvin County Detention Center,201 West Grant Avenue,Pauls Valley,OK,73075,NA,Non-Dedicated,365,0.8,0.6,0.8,0,0.2,0.6,0,0.787,0.007,17,2025-09-25
INTEGOK,NA,INTEGRIS HEALTH BAPTIST MEDICAL,NA,NA,OK,NA,NA,Medical,365,0,0,0,0,0,0,0,1,0,1,2025-06-26
KCOJFOK,192,Kay County Justice Facility,1101 West Dry Road,Newkirk,OK,74647,IGSA,IGSA,365,120.2,115.4,120.2,0,58.2,62.1,0,0.516,0,187,2025-09-19
LOGANOK,219,Logan County Jail,216 S Broad St,Guthrie,OK,73044,USMS IGA,USMS IGA,365,4.7,3.6,4.4,0.3,1.3,3.5,0,0.734,0.061,51,2025-09-03
OKCHOLD,2100,OKLAHOMA CITY HOLD ROOM.,NA,NA,OK,NA,NA,Hold/Staging,365,8.8,0.6,8.3,0.5,2.9,5.8,0,0.666,0.053,79,2025-09-24
OKMULOK,273,Okmulgee County Jail,314 W. 7th Street,Okmulgee,OK,74447,NA,Non-Dedicated,365,0,0,0,0,0,0,0,1,0,1,2025-09-23
TULHOLD,2162,TULSA HOLD ROOM,NA,NA,OK,NA,NA,Hold/Staging,365,1.7,0,1.6,0.1,0.6,1.1,0,0.655,0.066,16,2025-09-17
TULCOOK,367,Tulsa County Jail (David L. Moss Justice Center),300 North Denver Avenue,Tulsa,OK,74103,IGSA,IGSA,365,68.5,60,63.7,4.7,22.8,45.7,0,0.667,0.069,203,2025-03-27
EUGHOLD,2101,EUGENE HOLDROOM,NA,NA,OR,NA,NA,Hold/Staging,365,0.4,0,0.3,0,0.1,0.2,0,0.657,0.117,9,2025-01-27
MARICOR,NA,MARION CO JAIL,NA,NA,OR,NA,NA,Non-Dedicated,365,0,0,0,0,0,0,0,1,0,2,2025-08-22
MEDHOLD,2102,MEDFORD SUB-OFFICE,NA,NA,OR,NA,NA,Hold/Staging,365,0.2,0,0.1,0,0,0.1,0,0.702,0.158,14,2025-07-30
POOHOLD,2103,PORTLAND DISTRICT OFFICE,NA,NA,OR,NA,NA,Hold/Staging,365,2,0.5,1.8,0.3,1,1,0,0.491,0.138,19,2025-01-26
ABRXSPA,1,Abraxas Academy Detention Center,1000 Academy Drive,Morgantown,PA,19543,NA,Family/Youth,365,0,0,0,0,0,0,0,1,0,1,2025-08-30
CLINTPA,81,Clinton County Correctional Facility,58 Pine Mountain Rd.,McElhattan,PA,17748,USMS IGA,USMS IGA,365,82.7,81.1,76.2,5.9,66.6,16,0,0.194,0.072,104,2025-07-18
ERICOPA,124,Erie County Jail,Department Of Corrections 1618 Ash Street,Erie,PA,16503,USMS IGA,USMS IGA,365,14.4,13,14.2,0.2,2.4,12,0,0.836,0.011,44,2025-08-25
BOPPHL,130,FDC Philadelphia,700 Arch St.,Philadelphia,PA,19106,BOP,BOP,365,68.6,62.6,68.5,0,22.5,46.1,0,0.672,0.001,140,2025-06-04
FRANKPA,143,Franklin County Jail,625 Franklin Farm Ln,Chambersburg,PA,17201,NA,Other/Unknown,365,0.1,0.1,0.1,0,0.1,0.1,0,0.547,0.057,3,2025-09-25
LACKAPA,NA,"LACKAWANA CNTY JAIL, PA",NA,NA,PA,NA,NA,Federal,365,0,0,0,0,0,0,0,0.5,0,1,2025-08-13
LVYHOPA,212,Lehigh County Jail (Pennsylvania),38 N 4th St,Allentown,PA,18102,NA,Medical,365,0,0,0,0,0,0,0,0.688,0,1,2024-10-01
MHRHOPA,NA,MILTON S. HERSHEY MEDICAL CENTER,NA,NA,PA,NA,NA,Medical,365,0,0,0,0,0,0,0,0,0,1,2024-11-16
MTNITPA,NA,MOUNT NITTANY MEDICAL CENTER,NA,NA,PA,NA,NA,Medical,365,0.1,0.1,0.1,0,0.1,0,0,0.235,0.088,2,2025-09-12
MSVPCPA,248,Moshannon Valley Processing Center,555 Geo Drive,Philipsburg,PA,16866,DIGSA,DIGSA,365,1388.2,1364.9,1335.1,47.8,687.6,700.5,0,0.505,0.034,1665,2025-06-13
MVPNHPA,NA,PENN HIGHLANDS CLEARFIELD,NA,NA,PA,NA,NA,Medical,365,0.1,0.1,0.1,0,0.1,0,0,0.415,0,1,2024-10-08
PHIHOLD,2017,PHI DISTRICT OFFICE,NA,NA,PA,NA,NA,Hold/Staging,365,6.8,0.7,6.5,0.2,1.7,5,0,0.742,0.034,33,2025-06-05
PKEHOLD,2105,PIKE COUNTY ERO HOLD ROOM,NA,NA,PA,NA,NA,Hold/Staging,365,1.4,0.3,1.4,0,0.7,0.7,0,0.509,0.023,7,2025-06-05
PITHOLD,2104,PITTSBURGH HOLDROOM,NA,NA,PA,NA,NA,Hold/Staging,365,2.4,0.1,2.3,0.1,0.5,1.9,0,0.782,0.038,19,2025-06-03
PIKCOPA,291,Pike County Jail,175 Pike County Boulevard,Lords Valley,PA,18428,IGSA,IGSA,365,192.6,188.8,192.4,0,73.3,119.3,0,0.619,0,246,2025-08-08
RDHOSPA,NA,READING HOSPITAL,NA,NA,PA,NA,NA,Medical,365,0,0,0,0,0,0,0,1,0,1,2025-06-15
UPMCPPA,NA,UPMC PRESBYTERIAN HOSPITAL,NA,NA,PA,NA,NA,Medical,365,0.1,0,0,0,0,0,0,0.316,0.316,1,2025-06-19
BOPCAA,NA,USP CANAAN,NA,NA,PA,NA,NA,Federal,365,0,0,0,0,0,0,0,0,0,1,2025-02-07
WPOHOLD,2163,WILLIAMSPORT HOLD ROOM,NA,NA,PA,NA,NA,Hold/Staging,365,0.5,0,0.4,0.1,0.1,0.4,0,0.824,0.125,21,2025-08-19
YRKHOLD,2164,YORK HOLD ROOM,NA,NA,PA,NA,NA,Hold/Staging,365,3,0.2,2.9,0.1,1.3,1.7,0,0.565,0.026,16,2025-04-23
YORCOPA,397,York County Prison,3400 Concord Road,York,PA,17402,NA,Non-Dedicated,365,1,1,1,0,0,1,0,1,0,1,2024-10-01
AGC,NA,AGUADILLA SPC,NA,NA,PR,NA,NA,Hold/Staging,365,3.3,2.5,3.3,0,0.6,2.7,0,0.811,0.007,60,2025-03-20
BAYAMPR,NA,BAYAMON HOSPITAL,NA,NA,PR,NA,NA,Medical,365,0.1,0,0.1,0,0,0,0,0.63,0.037,2,2025-06-04
BOPGUA,155,Guaynabo MDC (San Juan),Hwy 28 Intsect Of Road 165,San Juan,PR,939,NA,Federal,365,2.8,2.5,2.7,0.1,1.7,1.1,0,0.378,0.046,16,2024-10-01
SJUHOLD,2107,SAN JUAN AIRPORT HOLD ROOM,NA,NA,PR,NA,NA,Hold/Staging,365,1.6,0,1.4,0.2,0.4,1.2,0,0.762,0.144,24,2024-12-22
SAJHOLD,2106,SAN JUAN SUB-OFFICE HOLD ROOM,NA,NA,PR,NA,NA,Hold/Staging,365,3,1.7,2.7,0.3,0.8,2.3,0,0.744,0.109,50,2025-06-04
SJS,328,San Juan Staging,"651 Federal Drive, Suite 104",Guaynabo,PR,00965,STAGING,STAGING,365,17.1,13.6,15.7,1.5,3.5,13.6,0,0.796,0.085,75,2025-06-25
MIRHPRI,NA,MIRIAM HOSPITAL,NA,NA,RI,NA,NA,Medical,365,0,0,0,0,0,0,0,1,1,1,2024-12-11
PROHOLD,2108,PROHOLD,NA,NA,RI,NA,NA,Hold/Staging,365,1.3,0.1,1.2,0.1,0.6,0.7,0,0.573,0.087,8,2025-04-11
WYATTRI,394,Wyatt Detention Center,950 High Street,Central Falls,RI,02863,USMS IGA,USMS IGA,365,112.2,109.5,109.1,3,51.7,60.5,0,0.539,0.027,135,2025-05-31
CHLHOLD,2109,"CHARLESTON, SC HOLD ROOM",NA,NA,SC,NA,NA,Hold/Staging,365,8.7,3.4,7.9,0.8,2.7,6,0.1,0.686,0.096,69,2025-06-01
COLCASC,NA,COLUMBIA CARE CENTER,NA,NA,SC,NA,NA,Medical,365,4.3,4.2,2.8,1.5,1.6,2.7,0,0.625,0.359,10,2025-02-24
COAHOLD,2110,"COLUMBIA, SC HOLDROOM",NA,NA,SC,NA,NA,Hold/Staging,365,1.3,0.3,1.3,0,0.6,0.7,0,0.52,0.002,31,2025-03-12
CHARLSC,64,Charleston County Detention Center,3841 Leeds Avenue,North Charleston,SC,29405,NA,Federal,365,0,0,0,0,0,0,0,0.778,0.222,3,2025-09-29
DORCDSC,112,Dorchester County Detention Center,220 Hodge Road,Summerville,SC,29483,NA,Federal,365,1.4,0.8,1.4,0,0.5,0.9,0,0.625,0,10,2025-09-14
GRRHOLD,2111,GREER HOLD ROOM,NA,NA,SC,NA,NA,Hold/Staging,365,1,0,0.9,0.1,0.6,0.4,0,0.416,0.056,7,2025-06-25
LEXINSC,214,Lexington County Jail,521 Gibson Road,Lexington,SC,29072,USMS IGA,USMS IGA,365,7.8,4.8,6.6,1.2,3.5,4.3,0,0.549,0.157,22,2025-03-17
YORCOSC,1006,York County Detention Center,1675-3a York Hwy,York,SC,29745,NA,Federal,365,0.5,0.3,0.4,0.1,0.2,0.2,0,0.512,0.12,4,2025-05-11
LAWRESD,210,Lawrence County,80 Sherman Street,Deadwood,SD,57732,NA,Non-Dedicated,365,0.3,0.3,0.3,0,0.1,0.2,0,0.786,0,6,2025-09-26
MINNESD,238,Minnehaha County Jail,500 North Minnesota Avenue,Sioux Falls,SD,57104,USMS IGA,USMS IGA,365,3.3,2.4,3.2,0.2,0.8,2.5,0,0.747,0.046,20,2025-08-28
PENNISD,285,Pennington County Jail (South Dakota),300 Kansas City Street None,Rapid City,SD,57701,USMS IGA,USMS IGA,365,3,2.7,3,0.1,0.9,2.1,0,0.7,0.021,12,2025-01-29
RPCHOLD,2112,RAPID CITY HOLD ROOM,NA,NA,SD,NA,NA,Hold/Staging,365,0.3,0,0.3,0,0.1,0.2,0,0.685,0.028,7,2025-08-06
SFDHOLD,2113,SIOUX FALLS HOLD ROOM,NA,NA,SD,NA,NA,Hold/Staging,365,0.5,0.1,0.5,0,0.1,0.4,0,0.724,0.041,20,2025-08-29
UNIONSD,NA,UNION COUNTY JAIL,NA,NA,SD,NA,NA,Federal,365,0.6,0.5,0.6,0,0.2,0.4,0,0.691,0.009,21,2025-02-06
CNGHOLD,2114,CHATTANOOGA HOLD ROOM,NA,NA,TN,NA,NA,Hold/Staging,365,2.6,0,2.4,0.2,1.4,1.2,0,0.463,0.067,12,2025-07-03
HAMILTN,NA,HAMILTON CO. JAIL (TENN),NA,NA,TN,NA,NA,Non-Dedicated,365,0,0,0,0,0,0,0,1,0,1,2025-07-13
KNXHOLD,2115,KNOXVILLE HOLD ROOM,NA,NA,TN,NA,NA,Hold/Staging,365,3.3,0,3.1,0.3,1.4,2,0,0.589,0.082,20,2025-08-22
KNXDFTN,196,Knox County Detention Facility,5001 Maloneyville Rd,Knoxville,TN,37918,USMS IGA,USMS IGA,365,38.6,30.4,35.2,3.4,18.6,20.1,0,0.52,0.088,122,2025-08-22
MEMHOLD,2116,MEMPHIS HOLD ROOM,NA,NA,TN,NA,NA,Hold/Staging,365,5.2,0.1,4.6,0.6,1.4,3.8,0.1,0.731,0.106,25,2025-08-15
BOPCNV,NA,NASHVILLE COMM. CORR.,NA,NA,TN,NA,NA,Federal,365,0,0,0,0,0,0,0,0.75,0.5,3,2025-02-11
NSVHOLD,2117,NASHVILLE HOLD ROOM,NA,NA,TN,NA,NA,Hold/Staging,365,0.7,0.3,0.7,0,0.1,0.7,0,0.882,0.063,75,2025-05-04
PUTNMTN,305,Putnam County Sheriff,421 E Spring St.,Cookeville,TN,38501,USMS IGA,USMS IGA,365,9,6.5,9,0,4.9,4,0,0.451,0,59,2025-05-08
TNWESDF,387,Western Tennessee Detention Facility,6299 Finde Naifeh Drive,Mason,TN,38049,NA,Federal,365,1.8,1.7,1.8,0,0.6,1.2,0,0.678,0,39,2025-09-12
ALAMOTX,NA,ALAMO POLICE DEPT.,NA,NA,TX,NA,NA,Other/Unknown,365,0.1,0,0.1,0,0,0.1,0,0.871,0.129,14,2025-05-08
AMTHOLD,2118,AMARILLO HOLD ROOM,NA,NA,TX,NA,NA,Hold/Staging,365,2.1,0,2,0.1,1,1.1,0,0.523,0.048,17,2025-09-03
ANSGHTX,NA,ANSON GENERAL HOSPITAL,NA,NA,TX,NA,NA,Medical,365,0,0,0,0,0,0,0,1,0,1,2025-06-25
ATTHOLD,2119,"ATHENS, TX HOLD ROOM",NA,NA,TX,NA,NA,Hold/Staging,365,0.1,0,0.1,0,0,0,0,0.433,0.033,14,2025-09-23
AUSHOLD,2120,AUSTIN DRO HOLD ROOM,NA,NA,TX,NA,NA,Hold/Staging,365,15.4,0.6,14.3,1.1,7.7,7.7,0.1,0.503,0.069,49,2025-09-25
BMCSATX,NA,BAPTIST MEDICAL CENTER,NA,NA,TX,NA,NA,Medical,365,0.1,0.1,0.1,0,0,0.1,0,0.571,0,1,2024-12-07
BSTAYTX,NA,BAYLOR SCOTT WHITE MD CTR,NA,NA,TX,NA,NA,Medical,365,0.1,0.1,0.1,0,0,0.1,0,0.87,0,1,2024-11-16
BSWRRTX,NA,BAYLOR SCOTT WHITE MED RR,NA,NA,TX,NA,NA,Medical,365,0,0,0,0,0,0,0,0,0,1,2024-10-28
BELCOTX,NA,BELL COUNTY JAIL,NA,NA,TX,NA,NA,Non-Dedicated,365,0.5,0.3,0.5,0,0.2,0.3,0,0.657,0.034,5,2025-06-06
BSCHOLD,2121,BIG SPRING HOLD ROOM,NA,NA,TX,NA,NA,Hold/Staging,365,0.9,0,0.9,0,0.7,0.2,0,0.228,0.016,10,2025-04-11
BEDCITX,19,Bedford Municipal Detention Center,2121 L Don Dodson Drive,Bedford,TX,76021,NA,Non-Dedicated,365,0,0,0,0,0,0,0,0,0,1,2025-08-16
BLBNATX,25,Bluebonnet Detention Center,400 2nd Street,Anson,TX,79501,DIGSA,DIGSA,365,997.2,962.7,922,75,366.6,630.6,0,0.632,0.075,1278,2025-04-10
BROKSTX,32,Brooks County Detention Center,901 County Road 201,Falfurrias,TX,78355,NA,Federal,365,4.5,3.9,4.5,0,1.2,3.4,0,0.745,0,90,2025-08-19
BURNETX,40,Burnet County Jail,Jail Administrator,Burnet,TX,78611,NA,Federal,365,0,0,0,0,0,0,0,1,0,4,2025-06-23
CAMERTX,NA,CAMERON COUNTY JAIL,NA,NA,TX,NA,NA,Non-Dedicated,365,0,0,0,0,0,0,0,1,0,1,2025-07-03
CCHRTTX,NA,CEDAR CREST HOSP TREAT,NA,NA,TX,NA,NA,Medical,365,0,0,0,0,0,0,0,1,0,2,2025-06-23
CSLLFTX,NA,CHI ST LUKE'S H M LUFKIN,NA,NA,TX,NA,NA,Medical,365,0,0,0,0,0,0,0,0,0,1,2025-05-21
CHISLTX,NA,CHI ST LUKE'S HEALTH MEM,NA,NA,TX,NA,NA,Medical,365,0,0,0,0,0,0,0,1,0,2,2025-07-13
CHSRHTX,NA,CHRISTUS SANTA ROSA HOSPITAL - MED,NA,NA,TX,NA,NA,Medical,365,0,0,0,0,0,0,0,1,0.917,1,2024-11-30
CONHOTX,NA,CONNALLY MEMORIAL MEDICAL CENTER,NA,NA,TX,NA,NA,Medical,365,0,0,0,0,0,0,0,1,0,1,2025-01-21
CRPHOLD,2165,CORPUS CHRISTI EOR HOLD ROOM,NA,NA,TX,NA,NA,Hold/Staging,365,0.8,0,0.7,0.1,0.2,0.6,0,0.777,0.108,8,2025-09-09
CCHAUTX,NA,CROSS CREEK HOSPITAL,NA,NA,TX,NA,NA,Medical,365,0,0,0,0,0,0,0,0,0,1,2024-10-25
EROFCB,108,Camp East Montana,6920 Digital Rd,El Paso,TX,79936,DOD,DOD,365,197.6,189.5,189.1,8.5,50.3,147.3,0,0.745,0.043,2970,2025-09-30
CBENDTX,84,Coastal Bend Detention Facility,4909 Fm 2826,Robstown,TX,78380,USMS IGA,USMS IGA,365,45.5,38.1,40.4,5.1,11.3,34.2,0,0.753,0.112,191,2025-08-14
DALHOLD,2006,DALLAS F.O. HOLD,NA,NA,TX,NA,NA,Hold/Staging,365,52.4,15,47.6,4.9,16.6,35.9,0.3,0.684,0.093,225,2025-09-18
DLRHOLD,2122,DEL RIO DRO HOLD ROOM,NA,NA,TX,NA,NA,Hold/Staging,365,1,0,0.8,0.2,0.6,0.4,0.1,0.415,0.176,12,2025-09-06
DSMCNTX,NA,DSMC - DEL SOL MEDICAL CENTER,NA,NA,TX,NA,NA,Medical,365,1.1,0.9,0.9,0.2,0.5,0.6,0,0.541,0.152,7,2025-03-27
DALCOTX,93,Dallas County Jail - Lew Sterrett Justice Center,111 West Commerce Street,Dallas,TX,75202,USMS IGA,USMS IGA,365,11.3,6.7,10.3,1,4.5,6.9,0,0.606,0.086,37,2025-03-16
STFRCTX,366,Dilley Immigration Processing Center,300 El Rancho Way,Dilley,TX,78017,FAMILY,FAMILY,365,183.8,176,80.2,103.6,1.4,182.4,98.7,0.992,0.564,722,2025-06-26
EPCPCTX,2123,EGP CPC HOLDING,NA,NA,TX,NA,NA,NA,365,0,0,0,0,0,0,0,0,1,2,2025-04-17
EPBHSTX,NA,EL PASO BEHAVIORAL HEALTH SYSTEM,NA,NA,TX,NA,NA,Medical,365,4.8,4.6,4,0.8,2.9,1.9,0,0.393,0.171,13,2025-09-03
ELPCOTX,NA,EL PASO COUNTY JAIL (TX),NA,NA,TX,NA,NA,Non-Dedicated,365,0.1,0,0.1,0,0.1,0.1,0,0.548,0.119,2,2025-03-12
EPLTATX,NA,EL PASO LTAC HOSPITAL,NA,NA,TX,NA,NA,Medical,365,0.8,0.7,0.8,0,0.5,0.3,0,0.421,0,3,2025-03-28
EPSSFTX,NA,EL PASO SOFT SIDED FACILITY,NA,NA,TX,NA,NA,Hold/Staging,365,239.2,196.4,221.2,18,73.9,165.4,0,0.691,0.075,1606,2025-08-12
EHDLGTX,115,East Hidalgo Detention Center,1330 Highway 107,La Villa,TX,78562,USMS IGA,USMS IGA,365,12.1,8.9,11,1.2,6.1,6.1,0,0.5,0.097,194,2025-04-03
EDNDCTX,117,Eden Detention Center,702 E Broadway St,Eden,TX,76837,USMS IGA,USMS IGA,365,143.6,139,143.6,0,22.4,121.2,0,0.844,0,417,2025-09-26
EPCDFTX,118,El Paso County Detention Facility,601 E. Overland,El Paso,TX,79901,NA,Other/Unknown,365,1.5,0.9,1.4,0,0.1,1.3,0,0.91,0.017,95,2024-12-30
EPC,119,El Paso Service Processing Center,8915 Montana Ave.,El Paso,TX,79925,SPC,SPC,365,852.6,815.9,617.7,234.9,375.7,476.9,0,0.559,0.275,1201,2025-05-29
ELVDFTX,120,El Valle Detention Facility,1800 Industrial Drive,Raymondville,TX,78580,DIGSA,DIGSA,365,865.2,843.5,462.6,402.5,177.6,687.6,0.1,0.795,0.465,1042,2025-08-23
FRIRHTX,NA,FRIO REGIONAL HOSPITAL,NA,NA,TX,NA,NA,Medical,365,0.2,0.1,0.1,0,0,0.1,0,0.759,0.069,2,2025-05-08
GRGBVTX,NA,GEORGETOWN BEHAVIORAL HOSPITAL,NA,NA,TX,NA,NA,Medical,365,0.1,0.1,0.1,0,0.1,0,0,0.267,0,1,2024-11-05
HLGHOLD,2010,HARLINGEN HOLD ROOM,NA,NA,TX,NA,NA,Hold/Staging,365,15.4,2.8,13.5,1.8,7.3,8,0.1,0.523,0.12,118,2025-06-04
HMCHOTX,NA,HARLINGEN MEDICAL CENTER,NA,NA,TX,NA,NA,Medical,365,0,0,0,0,0,0,0,0,0,1,2025-07-12
HRLGNTX,NA,HARLINGEN POLICE DEPT.,NA,NA,TX,NA,NA,Other/Unknown,365,0,0,0,0,0,0,0,0,0,1,2025-01-10
HCPSYTX,NA,HARRIS COUNTY PSYCHIATRIC CENTER,NA,NA,TX,NA,NA,Medical,365,0.7,0.7,0.4,0.3,0.2,0.5,0,0.736,0.415,3,2025-05-09
HHBTHTX,NA,HARRIS HEALTH BEN TAUB HOSPITAL,NA,NA,TX,NA,NA,Medical,365,0.2,0.2,0.2,0,0.2,0,0,0.104,0,1,2025-04-16
LBJHSTX,NA,HARRIS HEALTH LBJ HOSPITAL,NA,NA,TX,NA,NA,Medical,365,0,0,0,0,0,0,0,0.75,0.688,1,2024-10-05
HCAHCTX,NA,HCA HOUSTON HC CONROE,NA,NA,TX,NA,NA,Medical,365,3.3,2.8,3.2,0.2,1.9,1.4,0,0.425,0.046,18,2025-03-20
HNDMCTX,NA,HENDRICK MEDICAL CENTER,NA,NA,TX,NA,NA,Medical,365,0.2,0.2,0.2,0,0.1,0.1,0,0.444,0.083,2,2025-02-14
HIDALTX,NA,HIDALGO COUNTY SHERIFF'S JAIL,NA,NA,TX,NA,NA,Non-Dedicated,365,0,0,0,0,0,0,0,0,0,1,2024-12-11
HOUHOLD,2011,HOUSTON FO HOLDROOM,NA,NA,TX,NA,NA,Hold/Staging,365,1.8,0.8,1.2,0.6,0.5,1.2,0.5,0.708,0.342,18,2024-12-10
HHCHKTX,NA,HOUSTON HEALTHCARE HOSP,NA,NA,TX,NA,NA,Medical,365,0.3,0.2,0.2,0,0.1,0.2,0,0.667,0.111,3,2025-02-25
HOUICDF,168,Houston Processing Center,15850 Export Plaza Drive,Houston,TX,77032,CDF,CDF,365,850.2,836,504.4,345.7,115.3,734.9,0,0.864,0.407,1001,2025-08-26
POLKCTX,171,IAH Secure Adult Detention Facility (Polk),3400 Fm 350 South,Livingston,TX,77351,DIGSA,DIGSA,365,832.4,816.4,832.4,0,154.5,677.9,0,0.814,0,973,2024-11-16
JOPSHTX,NA,JOHN PETER SMITH HOSPITAL,NA,NA,TX,NA,NA,Medical,365,0,0,0,0,0,0,0,0,0,1,2025-09-01
JHRWLTX,177,Jack Harwell Detention Center,3101 Marlin Hwy,Waco,TX,76705,NA,Federal,365,0.3,0.2,0.2,0,0.1,0.2,0,0.565,0.167,6,2025-05-15
JCRLYTX,182,Joe Corley Processing Center,500 Hilbig Rd,Conroe,TX,77301,IGSA,IGSA,365,875.9,859.2,875.8,0,130.8,745.1,0,0.851,0,1046,2025-06-12
KINNETX,NA,KINNEY COUNTY JAIL,NA,NA,TX,NA,NA,Non-Dedicated,365,0.1,0,0.1,0,0.1,0,0,0,0,4,2025-01-14
KARNETX,188,Karnes County Correctional Center,810 Commerce Street,Karnes City,TX,78118,NA,Federal,365,1.5,1,1.5,0,1,0.5,0,0.303,0.026,10,2025-02-25
KRNRCTX,191,Karnes County Immigration Processing Center,409 Fm 1144,Karnes City,TX,78118,DIGSA,DIGSA,365,998.8,972.2,706.3,292.5,80.1,918.7,4.1,0.92,0.293,1322,2025-08-16
KCCDCTX,190,Karnes County Residential Center,409 Fm 1144,Karnes City,TX,78118,NA,Family/Youth,365,0.3,0.2,0.3,0,0.1,0.2,0,0.679,0.094,9,2025-04-23
LRDHOLD,2125,LAREDO DETENTION CENTER HOLD ROOM,NA,NA,TX,NA,NA,Hold/Staging,365,4.1,0.1,3.6,0.5,0.3,3.8,0.1,0.923,0.116,115,2024-12-31
LRDMCTX,NA,LAREDO MEDICAL CENTER,NA,NA,TX,NA,NA,Medical,365,0.3,0.2,0.3,0,0,0.3,0,0.853,0.121,2,2025-01-31
LASALTX,NA,LASALLE COUNTY JAIL,NA,NA,TX,NA,NA,Other/Unknown,365,0,0,0,0,0,0,0,1,0,1,2025-06-23
LSFHOLD,2126,LOS FRESNOS HOLD ROOM,NA,NA,TX,NA,NA,Hold/Staging,365,0,0,0,0,0,0,0,0.667,0.667,1,2024-11-11
LBKHOLD,2124,LUBBOCK HOLD ROOM,NA,NA,TX,NA,NA,Hold/Staging,365,2.6,0,2.4,0.1,0.6,2,0,0.777,0.044,22,2025-09-29
LSRDCTX,203,La Salle County Regional Detention Center,832 East Texas State Highway 44,Encinal,TX,78019,USMS IGA,USMS IGA,365,112.7,110.7,109.4,3.3,12,100.7,0,0.893,0.03,363,2025-08-16
LRDICDF,206,Laredo Processing Center,4702 East Saunders Street,Laredo,TX,78041,DIGSA,DIGSA,365,368.2,360.6,4.8,363.4,25.9,342.2,0,0.93,0.987,445,2025-09-11
LIMESTX,215,Limestone County Detention Center,910 North Tyus Street,Groesbeck,TX,76642,USMS IGA,USMS IGA,365,65.9,63.3,65.9,0,16.4,49.5,0,0.751,0,265,2025-09-30
LUBBOTX,222,Lubbock County Detention Center,811 Main Street,Lubbock,TX,79401,USMS IGA,USMS IGA,365,3.9,2.4,3.7,0.2,1.1,2.8,0,0.72,0.054,35,2025-04-18
MAVERTX,NA,MAVERICK COUNTY JAIL,NA,NA,TX,NA,NA,Non-Dedicated,365,0.1,0,0,0,0.1,0,0,0.045,0.182,3,2025-01-17
MCAHOLD,2166,MCALLEN HOLD ROOM,NA,NA,TX,NA,NA,Hold/Staging,365,9.6,5.7,5.3,4.3,1.8,7.8,2.1,0.814,0.449,59,2025-02-26
MCCLETX,NA,MCLENNAN COUNTY JAIL,NA,NA,TX,NA,NA,Non-Dedicated,365,0.3,0.2,0.2,0.1,0.1,0.2,0,0.554,0.238,5,2025-02-24
MHNHHTX,NA,MEMORIAL HERMANN NE HOSP,NA,NA,TX,NA,NA,Medical,365,1.3,1.2,0.3,0.9,0.1,1.2,0,0.921,0.737,5,2025-09-01
METHOTX,NA,METHODIST HOSPITAL,NA,NA,TX,NA,NA,Medical,365,0.3,0.2,0.2,0,0,0.2,0,0.888,0.143,2,2024-11-03
MHMSATX,NA,METHODIST HOSPITAL METROPOLITAN,NA,NA,TX,NA,NA,Medical,365,0.2,0.2,0.2,0,0,0.2,0,0.838,0.054,2,2024-10-18
MHNSATX,NA,METHODIST HOSPITAL NORTHEAST,NA,NA,TX,NA,NA,Medical,365,0.1,0.1,0.1,0,0,0.1,0,0.848,0.061,1,2024-11-01
MHSOSTX,NA,METHODIST HOSPITAL STONE OAK,NA,NA,TX,NA,NA,Medical,365,0,0,0,0,0,0,0,1,1,1,2025-06-12
MHTSATX,NA,METHODIST HOSPITAL TEXSAN,NA,NA,TX,NA,NA,Medical,365,0.1,0.1,0.1,0,0,0.1,0,0.61,0,2,2024-12-23
MSTHSTX,NA,METHODIST SPECIALTY TRANSPLANT HOS,NA,NA,TX,NA,NA,Medical,365,0,0,0,0,0,0,0,0.389,0,1,2025-01-22
MIDMHTX,NA,MIDLAND MEMORIAL HOSPITAL,NA,NA,TX,NA,NA,Medical,365,0,0,0,0,0,0,0,1,1,1,2025-07-27
MLDHOLD,2127,"MIDLAND, TX ERO HOLDROOM",NA,NA,TX,NA,NA,Hold/Staging,365,2.1,0,1.8,0.3,0.8,1.3,0,0.635,0.143,13,2025-06-04
MONTGTX,NA,MONTGOMERY COUNTY JAIL,NA,NA,TX,NA,NA,Non-Dedicated,365,0,0,0,0,0,0,0,1,0,1,2025-02-19
MTGHOLD,2167,MONTGOMERY HOLD RM,NA,NA,TX,NA,NA,Hold/Staging,365,51,19.7,45.6,5.4,23.3,27.7,0.2,0.544,0.105,221,2025-08-21
MIDLATX,235,Midland County Detention Center,400 S Main Street,Midland,TX,79701,NA,Federal,365,1.1,0.6,1,0.1,0.4,0.7,0,0.657,0.115,13,2025-05-26
MTGPCTX,244,Montgomery ICE Processing Center,806 Hilbig Rd,Conroe,TX,77301,CDF,CDF,365,1234.2,1182.5,1113.6,120.1,645.7,588.5,0,0.477,0.097,1460,2025-08-08
OKMHKTX,NA,OTTO KAISER MEMORIAL HOSPITAL,NA,NA,TX,NA,NA,Medical,365,0,0,0,0,0,0,0,0.9,0.4,1,2024-11-07
PAMSATX,NA,PAM HEALTH SPECIALTY HOSPITAL 1,NA,NA,TX,NA,NA,Medical,365,0.2,0.2,0.2,0,0.1,0.1,0,0.393,0,2,2025-05-09
PKLDHTX,NA,PARKLAND HOSPITAL,NA,NA,TX,NA,NA,Medical,365,0,0,0,0,0,0,0,0.937,0.312,3,2025-09-24
PDNHOLD,2129,PDN HOLD ROOM,NA,NA,TX,NA,NA,Hold/Staging,365,0.1,0,0.1,0,0.1,0,0,0.472,0.028,36,2025-06-13
PCSHOLD,2128,PECOS HOLD ROOM,NA,NA,TX,NA,NA,Hold/Staging,365,1.8,0.2,1.5,0.3,1.5,0.3,0,0.162,0.159,28,2025-08-01
POTTRTX,NA,POTTER COUNTY JAIL,NA,NA,TX,NA,NA,Other/Unknown,365,0,0,0,0,0,0,0,1,0.2,1,2025-04-06
PRLHOLD,2130,PRAIRIELAND SUBOFFICE HOLD ROOM,NA,NA,TX,NA,NA,Hold/Staging,365,1.7,1.2,1.1,0.6,0.5,1.3,0,0.736,0.339,81,2025-09-20
PIC,313,Port Isabel Detention Center,27991 Buena Vista Boulevard,Los Fresnos,TX,78566,SPC,SPC,365,1147.4,1079,1139.8,7.5,187.2,960.2,0,0.837,0.007,1962,2025-08-23
PRLDCTX,302,Prairieland Detention Center,1209 Sunflower Ln,Alvarado,TX,76009,DIGSA,DIGSA,365,857.4,821.4,774.3,81.4,309.9,547.5,0.1,0.639,0.095,1197,2025-07-09
RDRVHTX,NA,RED RIVER HOSPITAL,NA,NA,TX,NA,NA,Medical,365,0.2,0.1,0.2,0,0,0.1,0,0.69,0,1,2024-11-25
RGHOSTX,NA,RIO GRANDE ST.HOSPITAL,NA,NA,TX,NA,NA,Medical,365,0,0,0,0,0,0,0,0.4,0,7,2025-09-04
RGS,NA,RIO GRANDE VALLEY STAGING,NA,NA,TX,NA,NA,Hold/Staging,365,0.7,0.1,0.3,0.4,0,0.7,0.3,0.984,0.548,21,2025-02-06
RVBHHTX,NA,RIO VISTA BEHV HLTH HSP,NA,NA,TX,NA,NA,Medical,365,0.8,0.8,0.8,0,0.3,0.4,0,0.564,0,9,2025-09-29
RNDLLTX,306,Randall County Jail,9100 South Georgia Street,Amarillo,TX,79118,NA,Federal,365,0,0,0,0,0,0,0,0.333,0,1,2025-04-26
RGRNDTX,312,Rio Grande Detention Center,1001 San Rio Boulevard,Laredo,TX,78046,USMS CDF,USMS CDF,365,640.9,628.5,640.8,0.1,52.5,588.5,0.1,0.918,0,703,2024-10-09
HASKLTX,321,Rolling Plains Detention Center,118 County Road 206,Haskell,TX,79521,NA,Federal,365,0,0,0,0,0,0,0,0.5,0,1,2024-11-21
SAGHOLD,2131,SAN ANGELO HOLDROOM,NA,NA,TX,NA,NA,Hold/Staging,365,3.3,0.2,3.1,0.2,2.1,1.2,0,0.37,0.061,20,2025-01-21
SNAHOLD,2020,SAN ANTONIO DRO HOLD ROOM,NA,NA,TX,NA,NA,Hold/Staging,365,20.3,2.4,17,3.3,5.3,15,0.6,0.74,0.164,145,2025-06-04
STDHOLD,2132,SOUTH TEXAS/PEARSALL HOLD ROOM,NA,NA,TX,NA,NA,Hold/Staging,365,5.1,1.7,4.6,0.5,1.9,3.2,0,0.635,0.102,51,2025-07-03
SLHTWTX,NA,ST LUKE'S HEALTH - THE WOODLANDS,NA,NA,TX,NA,NA,Medical,365,0,0,0,0,0,0,0,0,0,1,2025-02-05
STCDFTX,343,South Texas ICE Processing Center,566 Veterans Drive,Pearsall,TX,78061,CDF,CDF,365,1708.2,1679,1640.2,67.5,495.5,1212.7,0.3,0.71,0.039,1902,2025-08-06
CCAHUTX,356,T. Don Hutto Detention Center,1001 Welch Street,Taylor,TX,76574,DIGSA,DIGSA,365,429.8,421.4,429.8,0,228.4,201.4,0,0.469,0,472,2025-06-27
TAYLOTX,1030,TAYLOR COUNTY ADULT DET.,NA,NA,TX,NA,NA,Non-Dedicated,365,0,0,0,0,0,0,0,1,0,1,2025-02-24
TVMSATX,NA,TEXAS VISTA MEDICAL CENTER,NA,NA,TX,NA,NA,Medical,365,0,0,0,0,0,0,0,0,0,1,2025-05-08
THPMCTX,NA,THOP MEMORIAL CAMPUS ELP,NA,NA,TX,NA,NA,Medical,365,0,0,0,0,0,0,0,0,0,1,2025-07-04
THPSCTX,NA,THOP SIERRA CAMPUS ELP,NA,NA,TX,NA,NA,Medical,365,0,0,0,0,0,0,0,0,0,1,2025-04-25
TITUSTX,1031,TITUS COUNTY JAIL,NA,NA,TX,NA,NA,Federal,365,0.9,0.5,0.8,0,0.4,0.4,0,0.492,0.035,6,2025-03-28
TGREETX,1022,TOM GREEN CTY JAIL,NA,NA,TX,NA,NA,Federal,365,1.9,1.3,1.6,0.3,0.3,1.6,0,0.841,0.159,15,2025-03-21
THHEBTX,NA,TX HEALTH METH HOSP HEB,NA,NA,TX,NA,NA,Medical,365,0,0,0,0,0,0,0,0,0,1,2025-05-23
THHMHTX,NA,TX HLTH HARRIS METH HOSP,NA,NA,TX,NA,NA,Medical,365,0.1,0.1,0.1,0,0.1,0,0,0.214,0.167,2,2025-08-07
THHHBTX,360,Tex Health Huguley Hosp,11801 South Fwy I-35w,Burleson,TX,76028,NA,Medical,365,0.5,0.5,0.5,0,0.3,0.3,0,0.503,0.04,4,2025-07-16
UVHSATX,NA,UNIVERSITY HOSPITAL,NA,NA,TX,NA,NA,Medical,365,1.3,1,1.2,0.1,0.4,0.9,0,0.671,0.04,6,2025-01-20
UMCEPTX,NA,UNIVERSITY MED CENTER OF EL PASO,NA,NA,TX,NA,NA,Medical,365,0.4,0.3,0.2,0.2,0.2,0.2,0,0.493,0.408,3,2025-01-29
URSLATX,NA,URSULA CENTRALIZED PROCESSING CNTR,NA,NA,TX,NA,NA,Federal,365,31.1,21.6,28,3,6.9,24.2,0,0.779,0.098,463,2025-07-11
UVALDTX,NA,UVALDE COUNTY JAIL,NA,NA,TX,NA,NA,Other/Unknown,365,0,0,0,0,0,0,0,0.235,0.059,2,2025-07-11
VBHOSTX,NA,VALLEY BAPTIST HOSPITAL,NA,NA,TX,NA,NA,Medical,365,5.4,5.1,4.9,0.5,3.1,2.3,0,0.435,0.09,12,2025-06-21
VALVETX,371,Val Verde Correctional Facility,253 Farm To Market 2523,Del Rio,TX,78840,NA,Federal,365,3.8,0.7,2.9,0.9,3.5,0.3,0,0.075,0.245,35,2025-06-17
VICTOTX,372,Victoria County Jail,101 North Glass Street,Victoria,TX,77901,USMS IGA,USMS IGA,365,2.5,2.3,2.5,0.1,0.1,2.4,0,0.945,0.022,24,2025-08-22
WCTHOLD,2133,WACO DRO HOLD ROOM,NA,NA,TX,NA,NA,Hold/Staging,365,4.9,0,4.7,0.2,3.1,1.8,0,0.375,0.05,24,2025-06-30
WEBCOTX,NA,WEBB COUNTY JAIL,NA,NA,TX,NA,NA,Non-Dedicated,365,0,0,0,0,0,0,0,1,0,1,2025-08-18
WILSOTX,NA,WILSON COUNTY JAIL,NA,NA,TX,NA,NA,Non-Dedicated,365,0.1,0,0,0.1,0,0.1,0,0.875,1,8,2025-06-16
WEBDCTX,383,Webb County Detention Center (CCA),9998 South Highway 83,Laredo,TX,78041,DIGSA,DIGSA,365,394.9,386.8,365.7,29,63.1,331.7,0,0.84,0.074,552,2025-08-05
CACHEUT,44,Cache County Jail,50 West 200 North,Logan,UT,84321,NA,Federal,365,0.4,0.3,0.4,0,0.2,0.2,0,0.385,0.105,13,2025-09-19
DAVISUT,97,Davis County,800 West State Street,Farmington,UT,84025,NA,Non-Dedicated,365,0,0,0,0,0,0,0,0.722,0,8,2025-09-30
OGUHOLD,2134,OGDEN HOLD ROOM,NA,NA,UT,NA,NA,Hold/Staging,365,1.3,0,1.3,0.1,0.9,0.5,0,0.355,0.039,13,2025-09-23
PRUHOLD,2135,PROVO HOLD ROOM,NA,NA,UT,NA,NA,Hold/Staging,365,1.4,0,1.3,0.1,0.9,0.5,0,0.337,0.054,10,2025-08-22
SLSLCUT,NA,SALT LAKE COUNTY JAIL,NA,NA,UT,NA,NA,Federal,365,9.8,6.8,9,0.8,6.1,3.7,0,0.375,0.08,27,2025-08-19
SGUHOLD,2136,"ST. GEORGE, UT HOLDROOM",NA,NA,UT,NA,NA,Hold/Staging,365,0.7,0,0.7,0,0.4,0.3,0,0.475,0.043,9,2025-01-26
SUMMIUT,NA,SUMMIT COUNTY JAIL,NA,NA,UT,NA,NA,Non-Dedicated,365,0,0,0,0,0,0,0,0.571,0,1,2025-01-07
SLCHOLD,326,Salt Lake County Metro Jail,3415 South 900 West,Salt Lake City,UT,84119,USMS IGA,USMS IGA,365,10.9,0.2,10.2,0.7,5.9,4.9,0,0.453,0.062,48,2025-07-09
TOOELUT,362,Tooele County Jail,47 South Main Street,Tooele,UT,84074,USMS IGA,USMS IGA,365,4.3,3,3.9,0.4,2.1,2.2,0,0.513,0.089,25,2025-08-29
WASHCUT,380,Washington County Jail (Purgatory Correctional Facility),750 South 5300 West,Hurricane,UT,84737,USMS IGA,USMS IGA,365,4.1,3.5,3.8,0.2,2.1,2,0,0.49,0.053,29,2025-09-23
WEBERUT,384,Weber County Jail,721 West 12th Street,Ogden,UT,84404,NA,Federal,365,0,0,0,0,0,0,0,1,1,1,2025-09-29
ALEXAVA,1013,Alexandria City Jail,2003 Mill Road,Alexandria,VA,22314,NA,Federal,365,0,0,0,0,0,0,0,0.2,0,1,2025-05-21
HLFRJVA,NA,B.R.R.J. HALIFAX,NA,NA,VA,NA,NA,Non-Dedicated,365,0,0,0,0,0,0,0,1,0,1,2025-07-13
CENTRVA,NA,CENTRA HEALTH,NA,NA,VA,NA,NA,Medical,365,0.1,0.1,0.1,0,0.1,0,0,0.026,0,1,2024-10-10
CSSCHVA,NA,CENTRA SOUTHSIDE COMM HOSP,NA,NA,VA,NA,NA,Medical,365,0,0,0,0,0,0,0,0.667,0,1,2024-10-23
CVREGVA,NA,CENTRAL VA REGIONAL JAIL,NA,NA,VA,NA,NA,Non-Dedicated,365,0.1,0.1,0.1,0,0.1,0,0,0.333,0.1,2,2025-09-10
CHSPKVA,NA,CHESAPEAKE CITY JAIL,NA,NA,VA,NA,NA,Non-Dedicated,365,0.7,0.5,0.7,0,0.2,0.6,0,0.761,0,25,2025-09-25
CHFLDVA,NA,CHESTERFIELD CO. JAIL,NA,NA,VA,NA,NA,Other/Unknown,365,0,0,0,0,0,0,0,1,0.5,2,2025-07-08
CHPHOVA,NA,CHIPPENHAM HOSPITAL - RICHMOND,NA,NA,VA,NA,NA,Medical,365,0,0,0,0,0,0,0,0.5,0,1,2025-06-23
CULPEVA,NA,CULPEPER CO. ADULT DET. CENTER,NA,NA,VA,NA,NA,Non-Dedicated,365,0,0,0,0,0,0,0,1,0,1,2025-04-11
CARDFVA,53,Caroline Detention Facility,11093 S.w. Lewis Memorial Drive,Bowling Green,VA,22427,DIGSA,DIGSA,365,305,299.3,291.2,13.7,134.6,170.4,0,0.559,0.045,400,2025-09-25
FRMVLVA,303,Farmville Detention Center,508 Waterworks Road,Farmville,VA,23901,DIGSA,DIGSA,365,595.6,583.5,595.6,0,278.5,317.2,0,0.532,0,774,2025-08-27
HBGHOLD,2137,HARRISONBURG HOLD ROOM,NA,NA,VA,NA,NA,Hold/Staging,365,1.1,0,1.1,0,0.7,0.4,0,0.341,0.041,11,2025-06-03
HENRIVA,NA,HENRICO COUNTY JAIL,NA,NA,VA,NA,NA,Non-Dedicated,365,0,0,0,0,0,0,0,0,0,1,2025-07-28
JMTHOVA,NA,JOHNSTON MEMORIAL HOSPITAL,NA,NA,VA,NA,NA,Medical,365,0,0,0,0,0,0,0,1,0,1,2025-08-17
LOUCOVA,NA,LOUDOUN COUNTY,NA,NA,VA,NA,NA,Federal,365,0.1,0,0.1,0,0,0.1,0,0.794,0.059,4,2025-09-10
MWASHVA,NA,MARY WASHINGTON HOSPITAL,NA,NA,VA,NA,NA,Medical,365,0,0,0,0,0,0,0,0.583,0,1,2024-10-15
MRREGVA,NA,MIDDLE RIVER REGIONAL JAIL,NA,NA,VA,NA,NA,Other/Unknown,365,0,0,0,0,0,0,0,0,0,1,2024-10-24
NORFOVA,NA,NORFOLK CITY JAIL,NA,NA,VA,NA,NA,Federal,365,0,0,0,0,0,0,0,1,0.333,1,2025-06-19
NORHOLD,2138,NORFOLK SUB-OFFICE HOLD,NA,NA,VA,NA,NA,Hold/Staging,365,2.1,0,2,0.1,0.7,1.3,0,0.647,0.029,16,2025-08-21
NWREGVA,NA,NORTHWEST REG. ADULT DET.,NA,NA,VA,NA,NA,Non-Dedicated,365,0.2,0.1,0.2,0,0.2,0.1,0,0.36,0.081,6,2025-06-03
NRJDCVA,NA,NW REG JUV DET CTR,NA,NA,VA,NA,NA,Other/Unknown,365,3.3,3.2,3.3,0,0.7,2.5,2.7,0.782,0,7,2025-07-30
PWILLVA,1026,PRINCE WILLIAM,NA,NA,VA,NA,NA,Federal,365,0,0,0,0,0,0,0,0,1,1,2025-01-04
RAPPSVA,NA,RAPP SEC CENTER,NA,NA,VA,NA,NA,Federal,365,2,0.9,1.9,0.1,0.7,1.3,0,0.642,0.073,16,2025-02-25
RCMHOLD,2139,RICHMOND SUB-OFFICE HOLD,NA,NA,VA,NA,NA,Hold/Staging,365,16.6,0.3,16.3,0.4,7,9.6,0,0.579,0.022,277,2025-09-07
RMKHOLD,2169,ROANOKE SUB-OFFICE HOLD ROOM,NA,NA,VA,NA,NA,Hold/Staging,365,0.7,0,0.7,0,0.5,0.3,0,0.375,0.007,6,2025-05-13
RSREGVA,316,Riverside Regional Jail,1000 River Road,Hopewell,VA,23860,USMS IGA,USMS IGA,365,15.9,12.7,15.8,0.2,2.3,13.6,0,0.856,0.01,227,2025-09-24
RONKEVA,317,Roanoke City Jail,340 Campbell Avenue Southwest,Roanoke,VA,24016,NA,Federal,365,1.4,0.9,1.4,0,0.7,0.7,0,0.476,0.008,13,2025-09-08
ROCKIVA,320,Rockingham County Jail,25 South Liberty Street,Harrisonburg,VA,22801,USMS IGA,USMS IGA,365,1.8,1.1,1.6,0.1,1.2,0.6,0,0.315,0.071,11,2025-06-06
SPOTSVA,NA,SPOTSYLVANIA REG MED CTR,NA,NA,VA,NA,NA,Medical,365,0,0,0,0,0,0,0,1,0,1,2024-10-01
ABIRJVA,NA,SW VIRGINIA REG JAIL AUTH-ABG FAC,NA,NA,VA,NA,NA,Other/Unknown,365,1,0.9,1,0,0.1,1,0,0.949,0,47,2025-09-01
UVACVVA,NA,UVA UNIV Hospital Center,NA,NA,VA,NA,NA,Medical,365,0,0,0,0,0,0,0,0,0,1,2025-07-10
VCUHOVA,NA,VCU HEALTH TAPPAHANNOCK HOSPITAL,NA,NA,VA,NA,NA,Medical,365,0,0,0,0,0,0,0,0,0,1,2025-05-06
VIRBEVA,NA,VIRGINIA BEACH,NA,NA,VA,NA,NA,Non-Dedicated,365,0.1,0.1,0.1,0,0,0.1,0,0.73,0.432,2,2025-08-15
VPREGVA,373,Virginia Peninsula Regional Jail,9320 Merrimac Trail,Williamsburg,VA,23185,NA,Federal,365,0,0,0,0,0,0,0,1,0,1,2025-07-11
WASHOLD,2025,WASHINGTON FIELD OFFICE,NA,NA,VA,NA,NA,Hold/Staging,365,17.5,3.1,16.9,0.6,4.3,13.2,0.1,0.753,0.035,127,2025-08-23
WVIRGVA,388,Western Virginia Regional Jail,5885 W River Rd,Salem,VA,24153,USMS IGA,USMS IGA,365,2.6,1.8,2.5,0,0.9,1.7,0,0.659,0.018,57,2025-09-06
CHAHOLD,2140,CHARLOTTE AMALIE HOLDROOM,NA,NA,VI,NA,NA,Hold/Staging,365,0.1,0,0.1,0,0,0.1,0,0.833,0.241,4,2025-01-24
ADDCOVT,NA,ADDISON COUNTY JAIL,NA,NA,VT,NA,NA,Non-Dedicated,365,0,0,0,0,0,0,0,0,0,1,2025-06-07
VTCHTDN,71,Chittenden Regional Correctional Facility,7 Farrell Street,South Burlington,VT,05403,USMS IGA,USMS IGA,365,4.7,3.9,0,4.7,0.3,4.4,0,0.936,1,15,2025-05-19
VTSTALB,269,Northwest State Correctional Center,3649 Lower Newton Road,Swanton,VT,05488,USMS IGA,USMS IGA,365,10.7,9.2,10.7,0,1.4,9.4,0,0.874,0.003,26,2025-06-03
STAHOLD,2141,SAINT ALBANS HOLD ROOM,NA,NA,VT,NA,NA,Hold/Staging,365,0.4,0.2,0.3,0.1,0,0.3,0,0.906,0.234,7,2024-11-12
VTDCORR,NA,VT. DEPT. OF CORRECTIONS,NA,NA,VT,NA,NA,Non-Dedicated,365,0,0,0,0,0,0,0,1,1,1,2025-05-31
CNTRHWA,NA,CENTRAL WASHINGTON HOSPITAL,NA,NA,WA,NA,NA,Medical,365,0,0,0,0,0,0,0,1,0,1,2025-05-29
FDLHOLD,2170,FERNDALE HOLD ROOM,NA,NA,WA,NA,NA,Hold/Staging,365,0.5,0,0.5,0,0.2,0.2,0,0.52,0.051,6,2025-06-10
CSCNWWA,357,Northwest ICE Processing Center,1623 E. J Street,Tacoma,WA,98421,CDF,CDF,365,1169.9,1156.5,1041.4,127,444.2,725.6,0,0.62,0.109,1604,2025-06-03
RICHOLD,2171,RICHLAND HOLD ROOM,NA,NA,WA,NA,NA,Hold/Staging,365,0.3,0,0.3,0,0.2,0.1,0,0.422,0.092,4,2025-02-05
BOPSET,NA,SEATAC FED.DET.CENTER,NA,NA,WA,NA,NA,Federal,365,0,0,0,0,0,0,0,0.5,0,1,2025-01-28
SEAHOLD,2023,SEATTLE FIELD OFFICE HOLD ROOM,NA,NA,WA,NA,NA,Hold/Staging,365,4.7,0.7,3.6,1.2,1.5,3.2,0.3,0.676,0.244,59,2025-06-05
SPOHOLD,2172,SPOKANE HOLD ROOM,NA,NA,WA,NA,NA,Hold/Staging,365,1.7,0.4,1.6,0.1,0.3,1.3,0,0.796,0.033,17,2025-04-28
STJMCWA,NA,ST JOSEPH MEDICAL CENTER,NA,NA,WA,NA,NA,Medical,365,0.9,0.8,0.8,0.2,0.6,0.3,0,0.303,0.178,5,2025-03-18
TACGHWA,NA,TACOMA GENERAL HOSPITAL,NA,NA,WA,NA,NA,Medical,365,0,0,0,0,0,0,0,0.615,0.385,1,2024-11-25
WNTHOLD,2173,WENATCHEE HOLD ROOM,NA,NA,WA,NA,NA,Hold/Staging,365,0.2,0,0.2,0,0.1,0.2,0,0.625,0.17,4,2024-11-04
YAKHOLD,2142,YAKIMA SUB-OFFICE,NA,NA,WA,NA,NA,Hold/Staging,365,1.2,0.1,1.1,0.1,0.6,0.6,0,0.525,0.102,12,2025-06-04
BROWNWI,NA,BROWN COUNTY JAIL,NA,NA,WI,NA,NA,Other/Unknown,365,0.7,0.5,0.7,0,0.4,0.4,0,0.506,0,13,2025-06-12
DODGEWI,109,Dodge County Jail,215 West Central Street,Juneau,WI,53039,USMS IGA,USMS IGA,365,106.2,103.3,105.2,1.1,77.4,28.8,0,0.271,0.01,137,2025-02-14
DOUGLWI,113,Douglas County,1409 Hammond Avenue,Superior,WI,54880,USMS IGA,USMS IGA,365,4.6,4.2,4.3,0.3,0.9,3.7,0,0.806,0.073,27,2025-08-07
FNDDUWI,NA,FOND DU LAC COUNTY SHERIFF/JAIL,NA,NA,WI,NA,NA,Other/Unknown,365,0,0,0,0,0,0,0,0.6,0,1,2025-06-19
MILHOLD,2143,MILWAUKEE HOLDROOM,NA,NA,WI,NA,NA,Hold/Staging,365,1.5,0.1,1.3,0.1,0.8,0.7,0,0.483,0.1,27,2025-09-25
SAUKCWI,331,Sauk County Sheriff,1300 Lange Ct.,Baraboo,WI,53913,USMS IGA,USMS IGA,365,2.6,2.4,2.6,0,1.1,1.5,0,0.571,0,15,2025-06-16
WAUKEWI,382,Waukesha County Jail,515 West Moreland,Waukesha,WI,53186,USMS IGA,USMS IGA,365,3,2.2,2.6,0.4,1.4,1.7,0,0.552,0.14,22,2025-09-23
WVEASTR,1037,Eastern Regional Jail,1406 Charles Town Road,Martinsburg,WV,25401,NA,Federal,365,1.3,0.8,1.2,0.1,0.3,0.9,0,0.742,0.068,16,2025-03-11
WVNORTH,265,Northern Regional Jail,"Rd. 2, Box 1",Moundsville,WV,26041,IGSA,IGSA,365,8.8,7.7,8.3,0.5,1.7,7.1,0,0.803,0.061,45,2025-08-08
WVPTMAC,NA,POTOMAC HIGHLANDS REGIONAL JAIL,NA,NA,WV,NA,NA,Non-Dedicated,365,0,0,0,0,0,0,0,1,0,1,2025-08-28
WVSCENT,337,South Central Regional Jail,1001 Center Way,Charleston,WV,25309,IGSA,IGSA,365,14.5,13.4,14.2,0.3,5.4,9.1,0,0.626,0.021,40,2025-09-22
UBRKHWV,NA,WVU MEDICINE BERKELEY MEDICAL CNTR,NA,NA,WV,NA,NA,Medical,365,0,0,0,0,0,0,0,0,0,1,2025-09-28
CAMCOWY,NA,CAMPBELL COUNTY JAIL,NA,NA,WY,NA,NA,Non-Dedicated,365,0.1,0,0,0,0,0,0,0.714,0.143,4,2025-08-14
CSPHOLD,2145,CASPER HOLDROOM,NA,NA,WY,NA,NA,Hold/Staging,365,0.5,0,0.4,0,0.2,0.3,0,0.571,0.041,6,2025-03-14
CHYHOLD,2144,CHEYENNE HOLDROOM,NA,NA,WY,NA,NA,Hold/Staging,365,0.3,0,0.3,0,0.2,0.2,0,0.513,0.034,3,2025-01-27
LARCOWY,205,Laramie County Jail,1910 Pioneer Avenue,Cheyenne,WY,82001,NA,Federal,365,0.2,0.2,0.2,0,0.2,0.1,0,0.266,0,8,2025-09-13
NATROWY,252,Natrona County Jail,1100 Bruce Lane,Casper,WY,82601,USMS IGA,USMS IGA,365,8.6,8,8.1,0.5,2.5,6.1,0,0.705,0.063,51,2025-07-18
PLATTWY,295,Platte County Jail,850 Maple Street,Wheatland,WY,82201,NA,Federal,365,3,2,2.9,0.1,1.4,1.6,0,0.538,0.037,11,2025-07-11
SWEETWY,354,Sweetwater County Jail,50140 United States Highway 191 South,Rock Springs,WY,82935,USMS IGA,USMS IGA,365,5.4,4.8,5.2,0.2,3.2,2.2,0,0.407,0.038,29,2025-06-29
UINTAWY,370,Uinta County Jail,77 County Road 109,Evanston,WY,82930,USMS IGA,USMS IGA,365,6.5,4.9,6.2,0.3,3.2,3.3,0,0.51,0.042,38,2025-08-01
UCBPMCA,NA,CBP MOVEMENT COORDINATION AREA,NA,NA,NA,NA,NA,Federal,365,0.1,0,0.1,0.1,0,0.1,0.1,1,0.611,12,2025-09-13
