DETLOC,Name,Address,City,County,State,Zip,Type,Type Detailed,Male/Female,"Levels A,B,C,D",Capacity,Population Count,FY16 ADP,FY15 ADP,FY14 ADP,FY13 ADP,FY12 ADP,FY11 ADP,FY10 ADP,Facility Operator,Facility Owner,Best Known Contract Initiation Date,Best Known Contract Expiration Date,Per Diem Rate Detailed,Authorizing Authority,Over/Under 72,Last Inspection Type,Last Inspection Standard,Last Inspection Rating - Final,Last Inspection Date,CY15 Rating,CY14 RATING,CY13 RATING,CY12 RATING,CY11 RATING,CY10 RATING,DSM Assigned?
ADLNTCA,ADELANTO DETENTION FACILITY,10250 RANCHO ROAD,ADELANTO,SAN BERNARDINO,CA,92301,IGSA,DIGSA,Male,"A, B, C, D",1940,1482,1475.545459330082,1179.726021092385,1208.701363448985,1080.8191742501222,586.6393428188749,19.356164932250977,0,GEO,CITY,2011-06-01T00:00:00Z,NA,"1455 (GM); $111.92 (1-1455), $42.36 (1456-1940)",DMCP,Over 72,Regular,PBNDS 2011,Pending,2015-10-09T00:00:00Z,Pending,Pending,Meets Standard,Meets Standard,Meets Standard,NA,Yes
ALBCONY,ALBANY COUNTY JAIL,840 ALBANY SHAKER ROAD,ALBANY,KINGS,NY,12211,USMS IGA,USMS IGA,Female/Male,"A, B, C, D",14,39,27.530303329229355,8.553424666635692,16.42739722225815,3.871232835110277,4.224043654510751,13.11232852935791,3.1232900619506836,COUNTY (SHERIFF),COUNTY,2009-07-01T00:00:00Z,NA,119.3,DMCP,Over 72,ORSA,NDS,Acceptable,2015-07-03T00:00:00Z,Acceptable,Acceptable,Acceptable,NA,Acceptable,Acceptable,No
ALHAMCA,ALHAMBRA CITY JAIL,211 S. FIRST ST.,ALHAMBRA,LOS ANGELES,CA,91801,USMS IGA,USMS IGA,Female/Male,"A, B, C, D",AS NEEDED,0,0,0.008219178300350904,0.13698630360886455,0.23013699054718018,0.06284152762964368,1.0301369428634644,1.8301399946212769,CITY,CITY,1998-03-31T00:00:00Z,NA,85,DMCP,Under 72,ORSA,NDS,Acceptable,2015-06-26T00:00:00Z,Acceptable,Acceptable,Acceptable,NA,Acceptable,Superior,No
ALLEGNY,ALLEGANY COUNTY JAIL,4884 STATE ROUTE 19,BELMONT,ALLEGANY,NY,14813,IGSA,IGSA,Female,"A, B, C, D",20,8,11.424242451786995,8.057534252293408,9.419178063515574,8.854794485960156,9.92349721910432,16.74520492553711,10.183560371398926,COUNTY (SHERIFF),COUNTY,2007-08-17T00:00:00Z,NA,95,DMCP,Over 72,ORSA,NDS,Acceptable,2015-07-31T00:00:00Z,Acceptable,Acceptable,Acceptable,NA,Acceptable,Acceptable,No
ALLEGPA,ALLEGHENY COUNTY JAIL,950 SECOND AVENUE,PITTSBURGH,ALLEGHENY,PA,15219,USMS IGA,USMS IGA,Female/Male,"A, B, C, D",5,0,0,0,4.323287645354867,5.471232851501554,6.368852397426963,6.380821704864502,7.8931498527526855,COUNTY (CORRECTIONS),COUNTY,2001-12-31T00:00:00Z,NA,73.27,DMCP,Over 72,ORSA,NDS,Acceptable,2014-09-29T00:00:00Z,NA,Acceptable,Acceptable,NA,Acceptable,Acceptable,No
ANCHOAK,ANCHORAGE CORRECTIONAL COMPLEX,1400 E. 4TH AVE,ANCHORAGE,ANCHORAGE,AK,99501,USMS IGA,USMS IGA,Female/Male,"A, B, C, D",AS NEEDED,0,0.07575757801532745,0.2602739683352411,0.38082191720604897,0.30958903674036264,0.8005464379675686,1.8630136251449585,3.3589000701904297,COUNTY (CORRECTIONS),COUNTY,1996-01-02T00:00:00Z,NA,142.66,DMCP,Over 72,ORSA,NDS,Acceptable,2015-08-21T00:00:00Z,Acceptable,Acceptable,Acceptable,NA,Acceptable,Superior,No
APACHAZ,APACHE COUNTY JAIL,370 SOUTH WASHINGTON ST,ST JOHNS,APACHE,AZ,85936,USMS IGA,USMS IGA,Female/Male,"A, B, C, D",AS NEEDED,0,0,0,0,0.30684931529685855,0.44535517459735274,0,0.01095999963581562,COUNTY (SHERIFF),COUNTY,2001-01-31T00:00:00Z,NA,63,DMCP,Under 72,ORSA,NDS,Acceptable,2015-09-01T00:00:00Z,Acceptable,Acceptable,Acceptable,NA,Acceptable,Acceptable,No
ATLANGA,ATLANTA CITY DETENTION CENTER,254 PEACHTREE STREET SOUTHWEST,ATLANTA,FULTON,GA,30303,USMS IGA,USMS IGA,Female/Male,"A, B, C, D",200,59,38.43939387798309,15.564383516088128,14.443835569079965,17.380821879487485,49.4125676038675,136.79177856445312,178.51507568359375,CITY,CITY,2002-04-26T00:00:00Z,NA,78,DMCP,Over 72,Regular,NDS,Acceptable,2015-06-25T00:00:00Z,Acceptable,NA,Acceptable,Acceptable,Acceptable,Superior,No
BAKERFL,BAKER COUNTY SHERIFF'S OFFICE,1 SHERIFF OFFICE DRIVE,MACCLENNY,BAKER,FL,32063,IGSA,IGSA,Female/Male,"A, B, C, D",300,191,204.1363646686077,167.6136979535222,227.98904000688344,209.70136881573126,247.37158377771266,250.6383514404297,166.6630096435547,COUNTY,COUNTY,2009-08-17T00:00:00Z,2015-03-31T00:00:00Z,84.72,DMCP,Over 72,Regular,NDS,Acceptable,2015-04-16T00:00:00Z,Acceptable,Acceptable,Acceptable,Acceptable,Acceptable,Superior,No
BALDWAL,BALDWIN COUNTY CORRECTIONAL CENTER,200 HAND AVE.,BAY MINETTE,BALDWIN,AL,36507,IGSA,IGSA,Male,"A, B, C, D",AS NEEDED,1,1.575757622718811,1.4383561774156988,1.5342465885914862,1.8000000142492354,2.0327868114691228,1.7643835544586182,0,COUNTY (SHERIFF),COUNTY,2009-06-24T00:00:00Z,NA,40,DMCP,Under 72,ORSA,NDS,Acceptable,2015-08-02T00:00:00Z,Acceptable,Acceptable,Acceptable,NA,Acceptable,NA,No
BEDFOOH,BEDFORD HEIGHTS CITY JAIL,5661 PERKINS ROAD,BEDFORD HTS,CUYAHOGA,OH,44146,IGSA,IGSA,Male,"A, B, C, D",20,0,0,0.13698630360886455,22.210958782583475,26.999999897554517,45.96994518884458,67.695892333984375,40.24932098388672,CITY,CITY,1997-04-29T00:00:00Z,NA,65,DMCP,Over 72,Regular,NDS,Acceptable,2014-07-31T00:00:00Z,NA,Acceptable,NA,Acceptable,Acceptable,Superior,No
BEDCITX,BEDFORD MUNICIPAL DETENTION CENTER,2121 L DON DODSON DRIVE,BEDFORD,TARRANT,TX,76021,IGSA,IGSA,Male,"A, B, C, D",50,9,14.030303448438644,11.284931581001729,17.71506861411035,14.482191887684166,13.51366075174883,17.663013458251953,7.52603006362915,CITY,CITY,1999-06-30T00:00:00Z,NA,51.12,DMCP,Under 72,ORSA,NDS,Acceptable,2015-06-26T00:00:00Z,Acceptable,Acceptable,Acceptable,NA,Acceptable,Superior,No
BERGENJ,BERGEN COUNTY JAIL,160 SOUTH RIVER STREET,HACKENSACK,BERGEN,NJ,7601,USMS IGA,USMS IGA,Male,"A, B, C, D",128,109,108.56060621142387,105.9315064959228,167.49862928222865,137.1671223337762,108.61748636467382,119.8630142211914,111.04931640625,COUNTY (SHERIFF),COUNTY,2009-03-23T00:00:00Z,NA,110,DMCP,Over 72,Regular,NDS,Pending,2015-02-12T00:00:00Z,Pending,Acceptable,Acceptable,Acceptable,Acceptable,Superior,Yes
BOONEKY,BOONE COUNTY JAIL,3020 CONRAD LANE,BURLINGTON,BOONE,KY,41005,USMS IGA,USMS IGA,Male,"A, B, C, D",200,144,131.2424246519804,119.44931444013491,146.12602692330256,142.0794510608539,124.18579218303785,150.2739715576172,89.2520523071289,COUNTY (JAILER),COUNTY,1996-10-09T00:00:00Z,NA,55,DMCP,Over 72,Regular,NDS,Acceptable,2015-02-20T00:00:00Z,Acceptable,Acceptable,Acceptable,Acceptable,Acceptable,Superior,No
BRINDMA,BRISTOL COUNTY DETENTION CENTER,400 FAUNCE CORNER ROAD,NORTH DARTMOUTH,BRISTOL,MA,2747,IGSA,IGSA,Female/Male,"A, B, C, D",238,137,102.8484847843647,80.769862589892,141.37808145582676,152.8438346059993,205.87431666767225,212.25753784179688,226.47671508789062,COUNTY (SHERIFF),COUNTY,2007-09-27T00:00:00Z,NA,98,DMCP,Over 72,Regular,PBNDS 2008,Meets Standard,2015-04-30T00:00:00Z,Meets Standard,Meets Standard,Meets Standard,Meets Standard,Acceptable,Superior,Yes
BROKSTX,BROOKS COUNTY DETENTION CENTER,901 COUNTY ROAD 201,FALFURRIAS,BROOKS,TX,78355,USMS IGA,USMS IGA,Male,A,200,0,0,1.2849314981140196,43.372602676507086,189.9315072116442,53.054643052397296,0,0,GEO,COUNTY,2011-03-22T00:00:00Z,NA,63,DMCP,Over 72,Regular,NDS,Acceptable,2014-04-17T00:00:00Z,NA,Acceptable,Acceptable,Acceptable,NA,NA,No
WCCPBFL,BROWARD TRANSITIONAL CENTER,3900 NORTH POWERLINE ROAD,POMPANO BEACH,BROWARD,FL,33073,CDF,CDF,Female/Male,"A, B",700,569,554.9999985098839,405.18082017591223,598.3643811927177,554.9890386220068,638.019124913495,628.75616455078125,579.66302490234375,GEO,PRIVATE,2009-04-22T00:00:00Z,2015-06-30T00:00:00Z,"$1,900,620 (flat fee); + $7.21 per diem",DMCP,Over 72,Regular,PBNDS 2011,Pending,2015-10-29T00:00:00Z,Pending,Meets Standard,Pending,Meets Standard,Meets Standard,Meets Standard,Yes
BTV,BUFFALO (BATAVIA) SERVICE PROCESSING CENTER,4250 FEDERAL DRIVE,BATAVIA,GENESEE,NY,14020,SPC,SPC,Male,"A, B, C, D",650,536,531.2121231555939,423.6383553487249,492.8904086127877,410.6493137818761,443.7732241458725,528.76983642578125,497.8876647949219,VM-BG (GUARD),ICE,2009-03-11T00:00:00Z,NA,"400 (GM); $119.33 (1-400), $17.29 (401-650)",DMCP,Over 72,Regular,PBNDS 2011,Meets Standard,2015-03-05T00:00:00Z,Meets Standard,Meets Standard,Meets Standard,Meets Standard,Meets Standard,Meets Standard,Yes
BURNETX,BURNET COUNTY JAIL,JAIL ADMINISTRATOR,BURNET,BURNET,TX,78611,IGSA,IGSA,Female/Male,"A, B, C, D",AS NEEDED,5,1.0303030610084534,1.608219199348241,2.060274010989815,0.21643836051225662,0.03825136460363865,0.024657534435391426,0.03288000077009201,COUNTY (SHERIFF),COUNTY,1998-06-04T00:00:00Z,NA,59.26,DMCP,Under 72,ORSA,NDS,Acceptable,2015-09-23T00:00:00Z,Acceptable,Acceptable,Acceptable,NA,Acceptable,Superior,No
BUTLEOH,BUTLER COUNTY JAIL,705 HANOVER STREET,HAMILTON,BUTLER,OH,45011,IGSA,IGSA,Male,"A, B, C, D",75,67,61.5000002682209,55.0328763006255,82.84657510695979,101.89589010644704,106.93715816852637,120.9369888305664,94.53424835205078,COUNTY (SHERIFF),COUNTY,2004-09-14T00:00:00Z,NA,53.2,DMCP,Over 72,Regular,NDS,Acceptable,2015-01-15T00:00:00Z,Acceptable,Acceptable,Acceptable,Acceptable,Acceptable,Superior,No
BUTLEKS,BUTLER COUNTY JAIL,701 SE STONE ROAD,EL DORADO,BUTLER,KS,67042,USMS IGA,USMS IGA,Female/Male,"A, B, C, D",25,4,5.484848529100418,4.884931482374668,6.810958811547607,9.32876710454002,9.366120162885636,11.797260284423828,5.723289966583252,COUNTY (SHERIFF),COUNTY,2001-04-11T00:00:00Z,NA,60,DMCP,Over 72,ORSA,NDS,Acceptable,2015-07-06T00:00:00Z,Acceptable,Acceptable,Acceptable,NA,Acceptable,Superior,No
CBRRSNC,CABARRUS COUNTY JAIL,30 CORBAN AVENUE SE,CONCORD,CABARRUS,NC,28025,IGSA,IGSA,Female/Male,"A, B, C, D",100,0,0.07575757801532745,0.08493150770664215,0.2410958930850029,0.16164383850991726,0.3469945217948407,0.6684931516647339,1.1260299682617188,COUNTY (SHERIFF),COUNTY,2009-04-17T00:00:00Z,2015-07-31T00:00:00Z,57.75,DMCP,Under 72,ORSA,NDS,Acceptable,2015-08-24T00:00:00Z,Acceptable,Acceptable,Acceptable,NA,Acceptable,Superior,No
CALDWMO,CALDWELL COUNTY DETENTION CENTER,280 WEST MAIN STREET,KINGSTON,CALDWELL,MO,64650,IGSA,IGSA,Female/Male,"A, B, C, D",40,17,17.36363646388054,24.246575300581753,23.389040942303836,28.131506691221148,36.6693988412153,31.331506729125977,35.17533874511719,GEO,COUNTY,2004-03-19T00:00:00Z,NA,65.97,DMCP,Over 72,Regular,NDS,Acceptable,2014-05-15T00:00:00Z,NA,Acceptable,NA,Acceptable,Acceptable,Superior,No
CALHOMI,CALHOUN COUNTY CORRECTIONAL CENTER,185 EAST MICHIGAN AVENUE,BATTLE CREEK,BRANCH,MI,49014,IGSA,IGSA,Female/Male,"A, B, C, D",125,164,137.63636377453804,86.0958900260739,126.9945200048387,117.58082112437114,162.44262269255705,163.4958953857422,170.1753387451172,COUNTY (SHERIFF),COUNTY,2007-08-21T00:00:00Z,NA,"75 (GM for DEAPDMI and CALHOMI combined); $72.00 (1-75), $40.00 (76-125), $64.27 (126+)",DMCP,Over 72,Regular,NDS,Acceptable,2015-01-29T00:00:00Z,Acceptable,Acceptable,Acceptable,Acceptable,Acceptable,Superior,Yes
CAMBRPA,CAMBRIA COUNTY JAIL,425 MANOR DRIVE,EBENSBURG,CAMBRIA,PA,15931,USMS IGA,USMS IGA,Female/Male,"A, B, C, D",15,0,0,0,1.6602739500813186,13.84657519357279,18.133879444096237,25.424657821655273,30.608219146728516,COUNTY (PRISON),COUNTY,2008-01-03T00:00:00Z,NA,51.53,DMCP,Over 72,ORSA,NDS,Acceptable,2015-09-30T00:00:00Z,Acceptable,NA,Acceptable,NA,Acceptable,Acceptable,No
CARJAMN,CARVER COUNTY JAIL,600 EAST FOURTH ST.,CHASKA,CARVER,MN,55318,IGSA,IGSA,Female/Male,"A, B, C, D",50,24,16.848484978079796,17.120548001490533,34.84383547818288,27.649314943235368,31.28415296692401,33.29315185546875,28.542470932006836,COUNTY (SHERIFF),COUNTY,2001-03-23T00:00:00Z,NA,$70.00  Adult $145.00 Juvenile,DMCP,Over 72,Regular,NDS,Pending,2015-11-19T00:00:00Z,Pending,NA,Acceptable,NA,Acceptable,Acceptable,No
CASCAMT,CASCADE COUNTY JAIL (MONTANA),3800 ULM NORTH FRONTAGE ROAD,GREAT FALLS,CASCADE,MT,59404,USMS IGA,USMS IGA,Female/Male,"A, B, C, D",5,0,0.4696969836950302,0.9095890345051885,1.0410958817228675,0.6931506800465286,0.7049180229660124,0.7260273694992065,1.643839955329895,COUNTY (SHERIFF),COUNTY,1985-08-07T00:00:00Z,NA,75,DMCP,Over 72,ORSA,NDS,Acceptable,2015-04-23T00:00:00Z,Acceptable,Acceptable,Acceptable,NA,Acceptable,Superior,No
CASSCNE,CASS COUNTY JAIL,336 MAIN STREET,PLATTSMOUTH,CASS,NE,68048,USMS IGA,USMS IGA,Female/Male,"A, B, C, D",50,13,7.2727272510528564,4.8383561237715185,17.117808201815933,27.545205247122794,29.409835937200114,28.98904037475586,29.164379119873047,COUNTY (SHERIFF),COUNTY,2004-12-07T00:00:00Z,NA,66.510000000000005,DMCP,Over 72,Regular,NDS,Pending,2015-08-27T00:00:00Z,Pending,NA,Acceptable,NA,Acceptable,Superior,No
CCADCAZ,CCA CENTRAL ARIZONA DETENTION CENTER,1155 NORTH PINAL PARKWAY,FLORENCE,PINAL,AZ,85132,USMS IGA,USMS IGA,Male,"A, B",230,0,0.1515151560306549,32.1835615276359,112.31232801033184,177.85753334872425,72.34152991790324,70.5369873046875,73.92328643798828,CCA,CCA,2008-10-01T00:00:00Z,NA,105.17,DMCP,Over 72,Regular,PBNDS 2008,Pending,2015-10-01T00:00:00Z,Pending,Meets Standard,Meets Standard,Meets Standard,Meets Standard,Meets Standard,No
CCAFLAZ,"CCA, FLORENCE CORRECTIONAL CENTER",1100 BOWLING ROAD,FLORENCE,PINAL,AZ,85132,USMS IGA,USMS IGA,Male,"A, B",566,493,473.1666676700115,357.7616428830661,314.89862794522196,234.17534162895754,204.93442597147077,196.81643676757812,210.39451599121094,CCA,CCA,2008-10-01T00:00:00Z,NA,105.17,DMCP,Over 72,Regular,PBNDS 2008,Pending,2015-08-27T00:00:00Z,Pending,Meets Standard,Meets Standard,Meets Standard,Meets Standard,Meets Standard,No
WACLATX,CENTRAL TEXAS DETENTION  FACILITY,218 S. LAREDO ST,SAN ANTONIO,BEXAR,TX,78207,USMS IGA,USMS IGA,Female/Male,"A, B, C, D",AS NEEDED,0,0.1818181872367859,0.26301370142027736,0.7178082340396941,0.665753435343504,1.1393442284315825,1.068493127822876,2.5123300552368164,GEO,COUNTY,2009-04-29T00:00:00Z,NA,58,DMCP,Under 72,ORSA,NDS,Acceptable,2015-09-30T00:00:00Z,Acceptable,NA,Acceptable,NA,Acceptable,Superior,No
CHARLSC,CHARLESTON COUNTY DETENTION CENTER,3841 LEEDS AVENUE,NORTH CHARLESTON,CHARLESTON,SC,29405,USMS IGA,USMS IGA,Male,"A, B, C, D",256,2,8.015151754021645,9.010958871804178,10.446575335226953,17.189040946774185,27.390710006467998,56.78356170654297,30.526029586791992,COUNTY (SHERIFF),COUNTY,2007-06-29T00:00:00Z,NA,55,DMCP,Over 72,Regular,NDS,Acceptable,2015-04-30T00:00:00Z,Acceptable,NA,Acceptable,Repeat Finding,Repeat Finding,Superior,No
CHASEKS,CHASE COUNTY DETENTION FACILITY,301 SOUTH WALNUT STREET,COTTONWOOD FALLS,CHASE,KS,66845,IGSA,IGSA,Female/Male,"A, B, C, D",AS NEEDED,25,35.515152022242546,32.26575331017375,41.62739693466574,24.46027374221012,25.650273081613705,24.882190704345703,27.600000381469727,COUNTY (SHERIFF),COUNTY,2008-03-04T00:00:00Z,NA,48.5,DMCP,Over 72,Regular,NDS,Acceptable,2015-07-16T00:00:00Z,Acceptable,NA,Acceptable,NA,Acceptable,Superior,No
CHACONY,CHAUTAUQUA COUNTY JAIL,15 E. CHAUTAUQUA STREET,MAYVILLE,CHAUTAUQUA,NY,14757,IGSA,IGSA,Female,"A, B, C, D",AS NEEDED,10,11.454545602202415,2.169863000512123,4.745205447077751,2.39178081555292,3.7786885367240757,0.021917808800935745,2.0931499004364014,COUNTY (SHERIFF),COUNTY,2010-08-01T00:00:00Z,NA,94,DMCP,Over 72,ORSA,NDS,Acceptable,2015-06-26T00:00:00Z,Acceptable,Acceptable,Acceptable,NA,Acceptable,Acceptable,No
CHIPPMI,CHIPPEWA COUNTY SSM,325 COURT STREET,SAULT SAINTE MARIE,CHIPPEWA,MI,49783,IGSA,IGSA,Female/Male,"A, B, C, D",24,9,8.333333402872086,9.224657560233027,20.487671093083918,17.391780683305115,35.213114734971896,44.4931526184082,37.57807922363281,COUNTY (SHERIFF),COUNTY,2003-02-21T00:00:00Z,NA,56.69,DMCP,Over 72,Regular,NDS,Acceptable,2015-03-12T00:00:00Z,Acceptable,NA,Acceptable,NA,Acceptable,Superior,No
CHRISMO,CHRISTIAN COUNTY JAIL,110 WEST ELM,OZARK,CHRISTIAN,MO,65721,IGSA,IGSA,Female/Male,"A, B, C, D",AS NEEDED,8,9.363636299967766,11.219178050290793,7.46027391217649,17.479451978579164,19.61202181247063,17.05205535888672,13.493149757385254,COUNTY (SHERIFF),COUNTY,2004-04-15T00:00:00Z,NA,62.43,DMCP,Over 72,ORSA,NDS,Acceptable,2015-07-27T00:00:00Z,Acceptable,NA,Acceptable,NA,Acceptable,Superior,No
CLAYCIN,CLAY COUNTY JAIL,611 EAST JACKSON STREET,BRAZIL,CLAY,IN,47834,USMS IGA,USMS IGA,Male,"A, B, C, D",AS NEEDED,38,53.33333437144756,52.00821874989197,34.597259973175824,2.1589041077531874,0,0,0,COUNTY (SHERIFF),COUNTY,NA,NA,45,DMCP,Over 72,Regular,PBNDS 2008,Meets Standard,2015-11-05T00:00:00Z,Meets Standard,Meets Standard,Meets Standard,NA,NA,NA,No
CLINTPA,CLINTON COUNTY CORRECTIONAL FACILITY,419 SHOEMAKER ROAD,LOCK HAVEN,CLINTON,PA,17745,USMS IGA,USMS IGA,Male,"A, B, C, D",50,5,12.878788113594055,10.62739718100056,13.712328691966832,23.13150666002184,58.10928936582059,76.85753631591797,85.58355712890625,COUNTY (CORRECTIONS),COUNTY,2008-03-18T00:00:00Z,NA,67,DMCP,Over 72,Regular,NDS,Pending,2015-10-01T00:00:00Z,Pending,NA,Acceptable,Acceptable,Acceptable,Acceptable,No
CLICONY,CLINTON COUNTY JAIL,25 MCCARTHY DRIVE,PLATTSBURGH,CLINTON,NY,12901,USMS IGA,USMS IGA,Female/Male,"A, B, C, D",13,0,2.54545459151268,2.8273972594179213,5.054794494528323,3.7643835321068764,5.5874315954279155,12.52602767944336,12.72329044342041,COUNTY (SHERIFF),COUNTY,1989-03-01T00:00:00Z,NA,102,DMCP,Over 72,ORSA,NDS,Acceptable,2015-08-22T00:00:00Z,Acceptable,Acceptable,Acceptable,NA,Acceptable,Superior,No
CBENDTX,COASTAL BEND DETENTION FACILITY,4909 FM (FARM TO MARKET) 2826,ROBSTOWN,NUECES,TX,78380,USMS IGA,USMS IGA,Female,A,700,0,0,40.60821898467839,612.2520518167876,583.8821876309812,214.4371583366301,0,0,GEO,GEO,NA,NA,66.56,DMCP,Over 72,Regular,PBNDS 2008,Meets Standard,2014-06-12T00:00:00Z,NA,Meets Standard,Meets Standard,Meets Standard,NA,NA,No
COBBJGA,COBB COUNTY JAIL,1825 COUNTY SERVICES PARKWAY,MARIETTA,COBB,GA,30060,IGSA,IGSA,Female/Male,"A, B, C, D",AS NEEDED,0,0.6212121248245239,1.208219171501696,1.0493150730617344,2.4712328924797475,5.024590017274022,7.561644077301025,12.399999618530273,COUNTY (SHERIFF),COUNTY,2008-09-30T00:00:00Z,NA,42.58,DMCP,Under 72,ORSA,NDS,Acceptable,2015-07-23T00:00:00Z,Acceptable,Acceptable,Acceptable,NA,Acceptable,Superior,No
COCONAZ,COCONINO COUNTY DETENTION FACILITY,952 E. SAW MILL ROAD,FLAGSTAFF,COCONINO,AZ,86001,USMS IGA,USMS IGA,Female/Male,"A, B, C, D",AS NEEDED,0,0,0,0.024657534901052713,0.03561643837019801,0.005464480724185705,0.024657534435391426,0.09314999729394913,COUNTY (SHERIFF),COUNTY,1998-04-06T00:00:00Z,NA,60,DMCP,Under 72,ORSA,NDS,Acceptable,2015-08-31T00:00:00Z,Acceptable,Acceptable,Acceptable,NA,Acceptable,Acceptable,No
COLLIFL,COLLIER COUNTY NAPLES JAIL CENTER,3301 TAMIAMI TRAIL EAST,NAPLES,COLLIER,FL,34112,IGSA,IGSA,Male,"A, B, C, D",5,2,3.924242541193962,4.786301392130554,6.8383561871014535,6.619178102817386,7.221311282366514,7.471232891082764,8.00547981262207,COUNTY (SHERIFF),COUNTY,2007-09-24T00:00:00Z,NA,71,DMCP,Over 72,ORSA,NDS,Acceptable,2015-07-09T00:00:00Z,Acceptable,Acceptable,Acceptable,NA,Acceptable,Superior,No
CONWECA,CONTRA COSTA COUNTY JAIL WEST,5555 GIANT HIGHWAY,RICHMOND,CONTRA COSTA,CA,94806,USMS IGA,USMS IGA,Female/Male,"A, B, C, D",318,171,182.87878841161728,119.59999916190282,233.0602729129605,160.29588976083323,120.043715585256,121.5260238647461,53.156158447265625,COUNTY (SHERIFF),OFDT,2010-03-31T00:00:00Z,NA,82,DMCP,Over 72,Regular,NDS,Pending,2015-10-29T00:00:00Z,Pending,Acceptable,Acceptable,NA,Acceptable,Acceptable,No
CUMBEME,CUMBERLAND COUNTY JAIL,50 COUNTY WAY,PORTLAND,CUMBERLAND,ME,4102,USMS IGA,USMS IGA,Female/Male,"A, B, C, D",70,0,0.6969697177410126,0.6410958897322416,1.1013698522001505,1.9095890293829143,3.825136564904824,5.852054595947266,13.293149948120117,COUNTY (SHERIFF),COUNTY,1997-01-08T00:00:00Z,NA,130,DMCP,Over 72,ORSA,NDS,Acceptable,2015-07-10T00:00:00Z,Acceptable,Acceptable,Acceptable,NA,Acceptable,Superior,No
DAKOTNE,DAKOTA COUNTY JAIL,1601 BROADWAY,DAKOTA CITY,DAKOTA,NE,68731,USMS IGA,USMS IGA,Male,"A, B, C, D",20,0,0.42424243688583374,0.4493150641210377,0.7972602676600218,1.2821917748078704,1.7158469257410616,2.3561644554138184,1.6356199979782104,COUNTY (SHERIFF),COUNTY,2007-05-16T00:00:00Z,NA,65,DMCP,Under 72,ORSA,NDS,Acceptable,2015-07-08T00:00:00Z,Acceptable,Acceptable,Acceptable,NA,Acceptable,Superior,No
HAILEID,DALE G. HAILE DETENTION CENTER,1115 ALBANY,CALDWELL,CANYON,ID,83605,IGSA,IGSA,Female/Male,"A, B, C, D",2,0,0,0.22465753322467208,0.10136986384168267,0.5178082203492522,0.3442622844595462,2.487671136856079,2.5616400241851807,COUNTY (SHERIFF),COUNTY,1991-12-01T00:00:00Z,NA,54,DMCP,Over 72,ORSA,NDS,Acceptable,2014-05-09T00:00:00Z,NA,Acceptable,Acceptable,NA,Acceptable,Superior,No
DAVIDTN,DAVIDSON COUNTY SHERIFF,448 2ND AVENUE,NASHVILLE,DAVIDSON,TN,37210,IGSA,IGSA,Male,"A, B, C, D",26,4,3.6969698071479797,3.923287706915289,4.5479452512227,6.353424711152911,13.745901253307238,17.906848907470703,17.36985969543457,COUNTY (SHERIFF),COUNTY,2007-08-09T00:00:00Z,2015-08-08T00:00:00Z,61,DMCP,Over 72,ORSA,NDS,Acceptable,2015-08-05T00:00:00Z,Acceptable,Acceptable,Acceptable,NA,Acceptable,Superior,No
DEAPDMI,DEARBORN POLICE DEPARTMENT,16099 MICHIGAN AVE,DEARBORN,WAYNE,MI,48126,IGSA,IGSA,Female/Male,"A, B, C, D",8,1,1.7424242943525314,1.9068493410013616,3.1369863403961062,4.068493201397359,4.923497095936909,5.920547962188721,7.068490028381348,CITY,CITY,2007-08-21T00:00:00Z,NA,"75 (GM for DEAPDMI and CALHOMI combined); $72.00 (1-75), $40.00 (76-125), $64.27 (126+)",DMCP,Under 72,ORSA,NDS,Acceptable,2015-06-10T00:00:00Z,Acceptable,Acceptable,Acceptable,NA,Acceptable,Acceptable,No
DEKALAL,DEKALB COUNTY DETENTION CENTER,2801 JORDAN ROAD,FORT PAYNE,DEKALB,AL,35968,USMS IGA,USMS IGA,Male,"A, B, C, D",60,23,25.03030377626419,21.906849143095315,33.969862904865295,31.397260054014623,42.1147529205773,53.671234130859375,43.561641693115234,COUNTY (SHERIFF),COUNTY,2007-06-28T00:00:00Z,NA,47,DMCP,Over 72,Regular,NDS,Pending,2015-01-15T00:00:00Z,Pending,NA,Acceptable,Acceptable,Acceptable,Superior,No
DHDFNJ,DELANEY HALL DETENTION FACILITY,451 DOREMUS AVENUE,NEWARK,NEWARK,NJ,7105,IGSA,IGSA,Female/Male,"A, B",450,292,223.78787997364998,125.89862922485918,301.8493133657612,280.94520418019965,328.89071001671255,0.0630137026309967,0,CEC,PRIVATE,2011-08-11T00:00:00Z,NA,108,DMCP,Over 72,Regular,PBNDS 2011,Meets Standard,2015-01-08T00:00:00Z,Meets Standard,Pending,NA,Meets Standard,Meets Standard,NA,Yes
DELAWPA,DELAWARE CO JAIL (GEORGE W. HILL),500 CHAYNEY ROAD,THORNTON,DELAWARE,PA,19373,IGSA,IGSA,Female/Male,"A, B, C, D",AS NEEDED,0,1.0303030610084534,0.18356164591386914,0,0,0,0,0,COUNTY,NA,NA,NA,80.87,DMCP,Under 72,Regular,NDS,Pending,2015-11-04T00:00:00Z,Pending,NA,NA,NA,NA,NA,No
DENICDF,DENVER CONTRACT DETENTION FACILITY,3130 N. Oakland St.,AURORA,ARAPAHOE,CO,80010,CDF,CDF,Female/Male,"A, B, C, D",432,372,414.9393969029188,394.83561475155875,417.4383536311798,411.7534220451489,400.1721302650403,414.6000061035156,414.1863098144531,GEO,PRIVATE,2006-09-29T00:00:00Z,NA,"350 (GM); $140.23 (1-350), $20.31 (351+)",DMCP,Over 72,Regular,PBNDS 2011,Pending,2015-10-01T00:00:00Z,Pending,Meets Standard,Meets Standard,Meets Standard,Meets Standard,Meets Standard,Yes
DODGEWI,DODGE COUNTY JAIL,215 WEST CENTRAL STREET,JUNEAU,DODGE,WI,53039,USMS IGA,USMS IGA,Male,"A, B, C, D",265,206,169.27272920310497,159.94246486853808,192.74520453158766,194.14520451705903,235.3169392524287,203.23561096191406,145.41917419433594,COUNTY (SHERIFF),COUNTY,2001-04-06T00:00:00Z,NA,75,DMCP,Over 72,Regular,NDS,Acceptable,2015-03-26T00:00:00Z,Acceptable,Acceptable,Acceptable,Acceptable,Acceptable,Superior,Yes
DOCORNE,DOUGLAS COUNTY DEPARTMENT OF CORRECTIONS,710 SOUTH 17TH ST,OMAHA,DOUGLAS,NE,68102,IGSA,IGSA,Male,"A, B, C, D",80,59,65.50000010430813,62.47123269550502,70.65479411929846,64.73150638816878,109.77049165242352,131.25205993652344,108.27397155761719,COUNTY (CORRECTIONS),COUNTY,2007-02-16T00:00:00Z,NA,84,DMCP,Over 72,Regular,NDS,Pending,2015-10-29T00:00:00Z,Pending,Pending,Meets Standard,Pending,NA,Acceptable,No
EHDLGTX,EAST HIDALGO DETENTION CENTER,1330 HIGHWAY 107,LA VILLA,HIDALGO,TX,78562,USMS IGA,USMS IGA,Female/Male,"A, B, C",100,44,76.39394119381905,40.12054776074365,161.97260224120691,258.0082183079794,317.99726050300524,0,0,GEO,COUNTY,2012-07-24T00:00:00Z,NA,59.26,DMCP,Over 72,Regular,NDS,Pending,2015-08-27T00:00:00Z,Pending,Acceptable,Good,NA,Acceptable,NA,No
WVEASTR,EASTERN REGIONAL JAIL,1406 CHARLES TOWN ROAD,MARTINSBURG,BERKELEY,WV,25401,USMS IGA,USMS IGA,Female/Male,"A, B, C, D",5,0,0.06060606241226196,0.02739726100116968,0.11780822090804577,0.16164383944123983,0.12841529701836407,0.49589040875434875,0.9534199833869934,COUNTY (CORRECTIONS),RJA,1990-09-14T00:00:00Z,NA,56,DMCP,Under 72,ORSA,NDS,Acceptable,2014-09-03T00:00:00Z,NA,Acceptable,NA,NA,Acceptable,Superior,No
ELPASCO,EL PASO COUNTY CRIMINAL JUSTICE CENTER,2739 EAST LAS VEGAS,COLORADO SPRING,EL PASO,CO,80906,IGSA,IGSA,Female/Male,"A, B, C, D",150,0,11.393939718604088,27.36438326910138,63.95068454788998,64.66027369489893,62.60928942076862,77.66849517822266,75.41644287109375,COUNTY (SHERIFF),COUNTY,2008-08-25T00:00:00Z,NA,62.4,DMCP,Over 72,Regular,NDS,Acceptable,2015-05-14T00:00:00Z,Acceptable,Acceptable,Acceptable,Acceptable,Acceptable,Superior,No
EPC,EL PASO SERVICE PROCESSING CENTER,8915 MONTANA AVE.,EL PASO,EL PASO,TX,79925,SPC,SPC,Female/Male,"A, B, C, D",840,761,789.954549074173,706.013697495684,716.5479424968362,772.1671202494763,623.4043699351605,726.49041748046875,793.6849365234375,DOYON-AKAL (GUARD),ICE,2009-02-25T00:00:00Z,2015-06-30T00:00:00Z,"500 (GM); $168.84 (1-500), $9.87 (501+)",DMCP,Over 72,Regular,PBNDS 2011,Pending,2014-12-11T00:00:00Z,NA,Pending,Meets Standard,Meets Standard,Meets Standard,Meets Standard,Yes
ELGPDIL,ELGIN POLICE DEPARTMENT,151 DOUGLAS AVENUE,ELGIN,KANE,IL,60120,IGSA,IGSA,Female/Male,"A, B, C, D",5,0,1.0757576078176498,1.0630137119442225,1.0164383677765727,0.8821917977184057,0.6174863213673234,0.6657534241676331,1.0383599996566772,CITY,CITY,1998-12-10T00:00:00Z,NA,50,DMCP,Under 72,ORSA,NDS,Acceptable,2015-08-03T00:00:00Z,Acceptable,Acceptable,Acceptable,NA,Acceptable,Superior,No
ELZICDF,ELIZABETH CONTRACT DETENTION FACILITY,625 EVANS STREET,ELIZABETH,UNION,NJ,7201,CDF,CDF,Male,"A, B, C",304,303,292.22727470099926,247.56438258476555,272.8164366525598,271.1589034264907,252.66393375070766,277.3232727050781,230.64657592773438,CCA,PRIVATE,2011-10-01T00:00:00Z,NA,"285 (GM); $130.81 (1-285), $129.57 (286-300), $32.57 (301+)",DMCP,Over 72,Regular,PBNDS 2011,Pending,2015-10-16T00:00:00Z,Pending,Meets Standard,Meets Standard,Meets Standard,Meets Standard,Meets Standard,Yes
ELMORID,ELMORE COUNTY JAIL,2255 E. 8TH NORTH,MOUNTAIN HOME,ELMORE,ID,83647,USMS IGA,USMS IGA,Male,"A, B, C, D",15,5,4.833333417773247,5.416438291314989,5.4438355579040945,6.380821859929711,10.270491683622822,11.47397232055664,6.400000095367432,COUNTY (SHERIFF),COUNTY,1990-04-01T00:00:00Z,NA,60,DMCP,Over 72,ORSA,NDS,Acceptable,2015-06-26T00:00:00Z,Acceptable,Acceptable,Acceptable,NA,Acceptable,Acceptable,No
EAZ,ELOY FEDERAL CONTRACT FACILITY,1705 EAST HANNA RD.,ELOY,PINAL,AZ,85131,IGSA,DIGSA,Female/Male,"A, B, C, D",1550,1496,1481.8939450085163,1400.6054758154787,1482.9835560452193,1477.917803008575,1490.7814195232932,1485.76708984375,1486.7452392578125,CCA,CITY,2006-02-17T00:00:00Z,NA,69.97,DMCP,Over 72,Regular,PBNDS 2011,Pending,2015-02-05T00:00:00Z,Pending,Pending,Meets Standard,Meets Standard,Meets Standard,Superior,Yes
ERICOPA,ERIE COUNTY JAIL,1618 ASH STREET,ERIE,ERIE,PA,16503,USMS IGA,USMS IGA,Female/Male,"A, B, C, D",5,6,4.363636389374733,3.9013698445633054,0.9753424674272537,1.6931506795808673,4.352458948036656,7.1178083419799805,7.539730072021484,COUNTY (CORRECTIONS),COUNTY,2001-12-07T00:00:00Z,NA,75,DMCP,Over 72,ORSA,NDS,Acceptable,2015-09-09T00:00:00Z,Acceptable,Acceptable,Acceptable,NA,Acceptable,Superior,No
ESSEXNJ,ESSEX COUNTY JAIL,354 DOREMUS AVENUE,NEWARK,ESSEX,NJ,7105,IGSA,IGSA,Male,"A, B, C, D",700,453,462.0000005662441,410.1205471986905,550.1945183300413,547.8821903420612,582.234972107457,510.1780700683594,395.2137145996094,COUNTY (CORRECTIONS),COUNTY,2011-08-11T00:00:00Z,NA,108,DMCP,Over 72,Regular,PBNDS 2011,Pending,2015-09-17T00:00:00Z,Pending,Meets Standard,Meets Standard,Meets Standard,Acceptable,Superior,Yes
ETOWAAL,ETOWAH COUNTY JAIL (ALABAMA),827 FORREST AVENUE,GADSDEN,ETOWAH,AL,35901,USMS IGA,USMS IGA,Male,"A, B, C, D",350,278,261.01515121757984,281.24931512540206,302.2876701238565,311.0602724584751,316.7923497934826,341.34246826171875,359.68218994140625,COUNTY (SHERIFF),COUNTY,2010-03-09T00:00:00Z,NA,45,DMCP,Over 72,Regular,NDS,Pending,2015-07-23T00:00:00Z,Pending,Acceptable,Acceptable,Acceptable,Acceptable,Acceptable,Yes
EULESTX,EULESS CITY JAIL,1102 W. EULESS BLVD.,EULESS,TARRANT,TX,76040,IGSA,IGSA,Male,"A, B, C, D",60,20,18.803030863404274,12.553424739744514,17.000000124797225,16.98630148731172,20.491802494507283,12.857534408569336,8.95341968536377,CITY,CITY,1989-11-17T00:00:00Z,NA,55,DMCP,Under 72,ORSA,NDS,Acceptable,2015-07-07T00:00:00Z,Acceptable,Acceptable,Acceptable,NA,Acceptable,Acceptable,No
FLO,FLORENCE SERVICE PROCESSING CENTER,3250 NORTH PINAL PARKWAY,FLORENCE,PINAL,AZ,85132,SPC,SPC,Male,"A, B, C",392,360,396.18182122707367,374.5397244649939,374.73698471393436,376.77260159607977,387.3415277376771,347.60821533203125,385.02740478515625,ASSET (GUARD),ICE,2009-01-11T00:00:00Z,2015-04-30T00:00:00Z,"374 (GM for FLO and FSF combined); $222.05 (1-374), $0.00 (375-717)",DMCP,Over 72,Regular,PBNDS 2011,Pending,2015-04-02T00:00:00Z,Pending,Meets Standard,Meets Standard,Meets Standard,Meets Standard,Meets Standard,Yes
FORSYNC,FORSYTH COUNTY JAIL,201 NORTH CHURCH STREET,WINSTON-SALEM,FORSYTH,NC,27101,USMS IGA,USMS IGA,Male,"A, B, C, D",AS NEEDED,0,2.439394012093544,1.010958917438984,0.9013698725029826,0.8054794603958726,0.15573770133778453,0.22191780805587769,0.4164400100708008,COUNTY (SHERIFF),COUNTY,1995-12-01T00:00:00Z,NA,62.22,DMCP,Under 72,ORSA,NDS,Acceptable,2015-08-24T00:00:00Z,Acceptable,Acceptable,Acceptable,NA,Acceptable,Superior,No
GREENMA,FRANKLIN HOUSE OF CORRECTIONS,160 ELM STREET,GREENFIELD,FRANKLIN,MA,1301,USMS IGA,USMS IGA,Female/Male,"A, B, C, D",90,70,70.30303058028221,65.17808174248785,70.05205455655232,64.59726009704173,38.92622917634435,1.6054794788360596,30.882190704345703,COUNTY (SHERIFF),COUNTY,2007-10-25T00:00:00Z,NA,86,DMCP,Over 72,Regular,NDS,Acceptable,2015-04-02T00:00:00Z,Acceptable,Acceptable,Acceptable,NA,Acceptable,Superior,No
FREDEMD,FREDERICK COUNTY DETENTION CENTER,7300 MARCIE'S CHOICE LANE,FREDERICK,FREDERICK,MD,21704,IGSA,IGSA,Female/Male,"A, B, C",62,52,38.37878806889057,39.550685019697994,52.41369839897379,49.3342463709414,54.02732247579843,51.79726028442383,48.5178108215332,COUNTY (SHERIFF),COUNTY,2007-08-01T00:00:00Z,NA,83,DMCP,Over 72,Regular,NDS,Acceptable,2015-07-16T00:00:00Z,Acceptable,NA,Acceptable,Acceptable,Acceptable,Superior,No
FREEBMN,FREEBORN COUNTY ADULT DETENTION CENTER,411 SOUTH BROADWAY AVENUE,ALBERT LEA,FREEBORN,MN,56007,IGSA,IGSA,Male,"A, B, C, D",80,62,40.59090940654278,44.30410946626216,55.04383534844965,58.37534221960232,71.44262293190695,75.79451751708984,71.92054748535156,COUNTY (SHERIFF),COUNTY,2009-03-25T00:00:00Z,NA,77.02,DMCP,Over 72,Regular,NDS,Pending,2015-03-24T00:00:00Z,Pending,Acceptable,Acceptable,Acceptable,Deficient,Superior,No
GARVIOK,GARVIN COUNTY DETENTION CENTER,201 WEST GRANT AVENUE,PAULS VALLEY,GARVIN,OK,73075,IGSA,IGSA,Male,"A, B, C, D",20,0,0.5303030461072922,0.827397262211889,2.134246570058167,3.6904109437018633,5.265027096495032,7.246575355529785,5.652050018310547,COUNTY (SHERIFF),COUNTY,2009-01-01T00:00:00Z,2015-12-31T00:00:00Z,43.5,DMCP,Under 72,ORSA,NDS,Acceptable,2015-06-28T00:00:00Z,Acceptable,Acceptable,Acceptable,NA,Acceptable,Acceptable,No
GASTNNC,GASTON COUNTY JAIL,425 NORTH MARIETTA STREET,GASTONIA,GASTON,NC,28052,IGSA,IGSA,Female/Male,"A, B, C, D",AS NEEDED,0,0.1515151560306549,0.0712328776717186,0.18904109811410308,0.35342466179281473,0.4890710189938545,1.2054795026779175,1.9890400171279907,COUNTY (SHERIFF),COUNTY,2007-05-14T00:00:00Z,NA,60,DMCP,Under 72,ORSA,NDS,Acceptable,2015-09-18T00:00:00Z,Acceptable,Acceptable,Acceptable,NA,Acceptable,Superior,No
GEAUGOH,GEAUGA COUNTY JAIL,12450 MERRITT DR,CHARDON,GEAUGA,OH,44024,USMS IGA,USMS IGA,Male,"A, B, C, D",30,53,30.954545378684998,33.328767040744424,28.30136968800798,33.202739565167576,38.773223696276546,2.2575342655181885,0,COUNTY (SHERIFF),COUNTY,2010-01-01T00:00:00Z,NA,70,DMCP,Over 72,Regular,NDS,Pending,2015-12-03T00:00:00Z,Pending,NA,Acceptable,Acceptable,Acceptable,NA,No
GLADEFL,GLADES COUNTY DETENTION CENTER,1279 EAST SR 78,MOORE HAVEN,GLADES,FL,33471,IGSA,IGSA,Female/Male,"A, B, C, D",300,103,141.22727404534817,91.87671186495572,192.12602639384568,331.7698618345894,413.734972253209,419.7917785644531,418.2602844238281,COUNTY (SHERIFF),COUNTY,2007-05-30T00:00:00Z,NA,80.64,DMCP,Over 72,Regular,NDS,Pending,2015-05-14T00:00:00Z,Pending,Good,Acceptable,Acceptable,Acceptable,Superior,Yes
GLEPDCA,GLENDALE POLICE DEPARTMENT,131 NORTH ISABEL STREET,GLENDALE,LOS ANGELES,CA,91206,IGSA,IGSA,Female/Male,"A, B, C, D",AS NEEDED,0,0.12121212482452393,0.06575342593714595,0.2027397295460105,0.10136986570432782,0,0.5178082585334778,0.5890399813652039,CITY,CITY,2007-09-28T00:00:00Z,NA,85,DMCP,Under 72,ORSA,NDS,Acceptable,2015-09-10T00:00:00Z,Acceptable,Acceptable,Acceptable,NA,Acceptable,Superior,No
GFCORND,GRAND FORKS COUNTY CORRECTIONAL FACILITY,1701 NORTH WASHINGTON ST,GRAND FORKS,GRAND FORKS,ND,58206,IGSA,IGSA,Male,"A, B, C, D",10,0,2.7272728085517883,4.2465752605348825,5.035616374574602,5.10684930626303,14.931693845195696,17.884931564331055,21.97808074951172,COUNTY (SHERIFF),COUNTY,1998-03-23T00:00:00Z,NA,"$150.00 for UAC, $70.00 for Adult",DMCP,Over 72,ORSA,NDS,Acceptable,2015-09-30T00:00:00Z,Acceptable,Acceptable,NA,Acceptable,NA,Acceptable,No
GRYDCKY,GRAYSON COUNTY DETENTION CENTER,320 SHAW STATION ROAD,LEITCHFIELD,GRAYSON,KY,42754,USMS IGA,USMS IGA,Female/Male,"A, B, C, D",5,0,0,0,0,1.1972602833993733,6.762294918065891,1.9589041471481323,0,COUNTY (JAILER),USM,1997-12-22T00:00:00Z,NA,47,DMCP,Under 72,ORSA,NDS,Acceptable,2014-09-05T00:00:00Z,NA,Acceptable,Acceptable,NA,Acceptable,Good,No
GRAYSKY,GRAYSON COUNTY JAIL,320 SHAW STATION ROAD,LEITCHFIELD,GRAYSON,KY,42754,USMS IGA,USMS IGA,Female/Male,"A, B, C, D",10,0,0.77272729575634,1.4493150804191828,1.4931506947614253,3.8082192013971508,0,0.6054794788360596,0.41095998883247375,COUNTY (JAILER),COUNTY,2005-06-01T00:00:00Z,NA,47,DMCP,Under 72,ORSA,NDS,Acceptable,2015-07-21T00:00:00Z,Acceptable,Acceptable,Acceptable,NA,Acceptable,Superior,No
HASHENE,HALL COUNTY DEPARTMENT OF CORRECTIONS,110 PUBLIC SAFETY DRIVE,GRAND ISLAND,HALL,NE,68801,IGSA,IGSA,Female/Male,"A, B, C, D",80,0,3.454545497894287,10.336986190639436,26.04109566193074,37.12876690598205,66.4508196040988,82.4876708984375,67.40821838378906,COUNTY (SHERIFF),COUNTY,2008-12-03T00:00:00Z,NA,63.01,DMCP,Over 72,Regular,NDS,Pending,2015-07-16T00:00:00Z,Pending,NA,Acceptable,Acceptable,Acceptable,Superior,No
HALLJGA,HALL COUNTY JAIL,1700 BARBER ROAD,GAINESVILLE,HALL,GA,30507,USMS IGA,USMS IGA,Female/Male,"A, B, C, D",AS NEEDED,0,0.9545454829931259,1.2410958902910352,1.8000000026077032,1.9397260434925556,2.7267758697271347,3.109589099884033,3.3232901096343994,COUNTY (SHERIFF),COUNTY,2007-11-06T00:00:00Z,NA,53,DMCP,Under 72,ORSA,NDS,Acceptable,2015-07-10T00:00:00Z,Acceptable,Acceptable,Acceptable,NA,Acceptable,Acceptable,No
HARDJIA,HARDIN COUNTY JAIL,1116 14TH AVENUE,ELDORA,HARDIN,IA,50627,IGSA,IGSA,Male,"A, B, C, D",70,42,25.31818175315857,24.25205465313047,38.813698400743306,34.84383550239727,56.32240441767499,64.53972625732422,70.10137176513672,COUNTY (SHERIFF),COUNTY,2009-04-30T00:00:00Z,NA,70,DMCP,Over 72,Regular,NDS,Pending,2015-10-22T00:00:00Z,Pending,NA,Acceptable,Acceptable,Acceptable,Acceptable,No
HENDENV,HENDERSON DETENTION CENTER,18 E BASIC ROAD,HENDERSON,CLARK,NV,89015,USMS IGA,USMS IGA,Female/Male,"A, B, C, D",300,250,219.24242587387562,223.2356151882559,233.9205471384339,234.15890354150906,253.88524512271397,120.63287353515625,0,CITY,CITY,2009-09-21T00:00:00Z,NA,106,DMCP,Over 72,Regular,NDS,Pending,2015-07-16T00:00:00Z,Pending,Acceptable,Acceptable,Acceptable,Acceptable,Acceptable,Yes
HOUICDF,HOUSTON CONTRACT DETENTION FACILITY,15850 EXPORT PLAZA DRIVE,HOUSTON,HARRIS,TX,77032,CDF,CDF,Female/Male,"A, B, C, D",1000,945,873.7727339714766,860.4657493676059,942.3999973619357,898.0602702847682,893.5491767879575,890.2410888671875,865.95892333984375,CCA,PRIVATE,2009-04-01T00:00:00Z,NA,"750 (GM); $109.24 (1-750), $109.24 (750-900), $40.00 (901-1,000)",DMCP,Over 72,Regular,PBNDS 2011,Meets Standard,2015-01-15T00:00:00Z,Meets Standard,Pending,Meets Standard,Meets Standard,Meets Standard,Meets Standard,Yes
HOWARMD,HOWARD COUNTY DETENTION CENTER,7301 WATERLOO ROAD,JESSUP,HOWARD,MD,20794,IGSA,IGSA,Male,"A, B, C, D",98,50,58.39393970370293,49.05479419231415,70.80273942742497,79.06575300125405,83.46994533971883,60.56438446044922,41.37260055541992,COUNTY (CORRECTIONS),COUNTY,1995-10-02T00:00:00Z,NA,90,DMCP,Over 72,Regular,NDS,Acceptable,2014-12-18T00:00:00Z,NA,Acceptable,Acceptable,Acceptable,Acceptable,Superior,No
HUDSONJ,HUDSON COUNTY CORRECTIONAL CENTER,30-35 HACKENSACK AVE.,KEARNEY,HUDSON,NJ,7032,USMS IGA,USMS IGA,Female/Male,"A, B, C, D",476,432,452.68181881308556,454.53698571259156,473.8136963364668,429.9917791644111,423.05191222787835,433.6246643066406,362.0821838378906,COUNTY (CORRECTIONS),COUNTY,1996-04-15T00:00:00Z,NA,110,DMCP,Over 72,Regular,PBNDS 2008,Pending,2015-01-15T00:00:00Z,Pending,Meets Standard,Meets Standard,Meets Standard,Acceptable,Superior,Yes
FRMVLVA,IMMIGRATION CENTERS OF AMERICA FARMVILLE,508 WATERWORKS ROAD,FARMVILLE,PRINCE EDWARD,VA,23901,IGSA,DIGSA,Male,"A, B, C, D",648,583,587.2878804802895,548.8520530313253,530.7041069553234,508.91232633870095,390.1693978968542,345.3643798828125,10.043840408325195,ICA,COUNTY,2008-08-09T00:00:00Z,NA,"500 (GM); $125.39 (1-500), $43.69 (501+)",DMCP,Over 72,Regular,PBNDS 2011,Pending,2015-03-12T00:00:00Z,Pending,Meets Standard,Meets Standard,Meets Standard,Does Not Meet Standards,Meets Standard,Yes
IRADFCA,IMPERIAL REGIONAL DETENTION FACILITY,1572 GATEWAY,CALEXICO,IMPERIAL,CA,92231,IGSA,DIGSA,Female/Male,"A, B, C, D",704,705,695.9090922176838,665.3589022476226,4.372602716088295,0,0,0,0,M&TC,M&TC,NA,NA,"640 (GM); $141.66 (1-640), $96.43 (641+)",DMCP,Over 72,Regular,PBNDS 2011,Pending,2015-01-29T00:00:00Z,Pending,Special Review - Pre-Occupancy,NA,NA,NA,NA,Yes
IRWINGA,IRWIN COUNTY DETENTION CENTER,132 COTTON DRIVE,OCILLA,IRWIN,GA,31772,USMS IGA,USMS IGA,Female/Male,"A, B, C, D",512,466,426.5151533782482,344.7397246090695,418.3999977526255,357.38356066821143,337.3442616907414,203.802734375,0,LASALLE CORRECTIONS,COUNTY,2007-09-06T00:00:00Z,NA,60.5,DMCP,Over 72,Regular,PBNDS 2008,Meets Standard,2015-06-18T00:00:00Z,Meets Standard,Meets Standard,Meets Standard,Meets Standard,Meets Standard,Meets Standard,No
JHRWLTX,JACK HARWELL DETENTION CENTER,3101 MARLIN HWY,WACO,MCLENNAN,TX,76705,USMS IGA,USMS IGA,Male,"A, B, C, D",200,0,0.3030303120613098,0.4410958937369287,129.2767113079317,123.61369785154238,117.45901611377485,22.98904037475586,0,CEC,COUNTY,2010-03-11T00:00:00Z,NA,69,DMCP,Over 72,Regular,NDS,Pending,2015-05-21T00:00:00Z,Pending,Acceptable,NA,NA,Acceptable,NA,No
MUSIKCA,JAMES A. MUSICK FACILITY,13502 MUSICK ROAD,IRVINE,ORANGE,CA,92618,IGSA,IGSA,Female/Male,"A, B, C, D",AS NEEDED,287,289.2727295458317,254.3999984501861,287.93698490038514,307.98355985432863,288.7650263600517,279.6438293457031,0,COUNTY (SHERIFF),COUNTY,2010-07-20T00:00:00Z,2015-07-19T00:00:00Z,118,DMCP,Over 72,Regular,PBNDS 2008,Pending,2015-10-22T00:00:00Z,Pending,Meets Standard,Meets Standard,Meets Standard,Meets Standard,Meets Standard,No
JEFFEID,JEFFERSON COUNTY JAIL,219 EAST FREMONT AVE,RIGBY,JEFFERSON,ID,83442,IGSA,IGSA,Female/Male,"A, B, C, D",20,1,1.6363636702299118,1.526027385611087,2.0328767001628876,1.4876712262630463,3.5683059415314347,4.339725971221924,3.2383599281311035,COUNTY,COUNTY,2010-12-01T00:00:00Z,NA,62.69,DMCP,Over 72,ORSA,NDS,Acceptable,2015-06-10T00:00:00Z,Acceptable,Acceptable,Acceptable,NA,Acceptable,Superior,No
JENADLA,JENA/LASALLE DETENTION FACILITY,830 PINEHILL ROAD,JENA,LA SALLE,LA,71342,IGSA,DIGSA,Female/Male,"A, B, C, D",1334,976,1072.9545517414808,1046.9835553737357,1032.975336601492,979.7095836969092,909.6448023130652,993.9150390625,831.03564453125,GEO,PRIVATE,2007-07-24T00:00:00Z,NA,"1170 (GM for JENADLA and JENATLA combined); $70.19 (1 – 1170), $28.38 (1171 - 1560)",DMCP,Over 72,Regular,PBNDS 2011,Pending,2015-09-17T00:00:00Z,Pending,Meets Standard,Meets Standard,Meets Standard,Meets Standard,Meets Standard,Yes
MONTGTX,JOE CORLEY DETENTION FACILITY,500 HILBIG RD.,CONROE,MONTGOMERY,TX,77301,IGSA,IGSA,Female/Male,"A, B, C, D",1050,773,797.6212151497602,674.6876684287563,958.2109550340101,838.616433557123,472.5464471783489,349.8849182128906,369.1917724609375,GEO,COUNTY,2008-07-31T00:00:00Z,2015-07-31T00:00:00Z,67.069999999999993,DMCP,Over 72,Regular,PBNDS 2011,Pending,2015-11-19T00:00:00Z,Pending,Meets Standard,Meets Standard,Meets Standard,Meets Standard,Meets Standard,Yes
JOHNSTX,JOHNSON COUNTY LAW ENFORCEMENT CENTER,1800 RIDGEMAR DRIVE,CLEBURNE,JOHNSON,TX,76031,IGSA,IGSA,Male,"A, B, C, D",312,221,258.69697074592113,198.77534136222675,232.81369810691103,223.28493070788682,210.4562835721299,176.65480041503906,127.89041137695312,CEC,COUNTY,2009-06-04T00:00:00Z,2015-09-30T00:00:00Z,59.72,DMCP,Over 72,Regular,NDS,Acceptable,2015-08-20T00:00:00Z,Acceptable,Acceptable,Acceptable,Acceptable,Acceptable,Superior,Yes
JOSEPOR,JOSEPHINE COUNTY JAIL,1901 NORTHEAST F STREET,GRANTS PASS,JOSEPHINE,OR,97526,USMS IGA,USMS IGA,Female/Male,"A, B, C, D",31,0,0.37878789007663727,1.0136986286379397,6.731506844051182,5.643835624214262,4.61475403374061,4.800000190734863,4.290410041809082,COUNTY (SHERIFF),COUNTY,2000-04-06T00:00:00Z,NA,100,DMCP,Over 72,ORSA,NDS,Acceptable,2015-09-15T00:00:00Z,Acceptable,Acceptable,Acceptable,NA,Acceptable,Superior,No
KARNETX,KARNES COUNTY CORRECTIONAL CENTER,810 COMMERCE STREET,KARNES CITY,KARNES,TX,78118,USMS IGA,USMS IGA,Male,"A, B, C, D",60,0,0,0,40.991780357435346,39.64109545852989,276.14207547786646,82.97808074951172,18.920549392700195,GEO,COUNTY,1998-03-04T00:00:00Z,NA,59.93,DMCP,Over 72,Regular,NDS,Acceptable,2013-03-21T00:00:00Z,NA,NA,Acceptable,Acceptable,Acceptable,Superior,No
KENOSWI,KENOSHA COUNTY DETENTION CENTER,4777 88TH AVENUE,KENOSHA,KENOSHA,WI,53144,USMS IGA,USMS IGA,Male,"A, B, C, D",210,120,137.8181830048561,130.25479404861107,174.29588951310143,154.92602676479146,181.24863324244507,181.2739715576172,158.81370544433594,COUNTY (SHERIFF),COUNTY,2000-08-18T00:00:00Z,NA,70,DMCP,Over 72,Regular,NDS,Acceptable,2015-06-04T00:00:00Z,Acceptable,Acceptable,Acceptable,Acceptable,Acceptable,Superior,Yes
KENTCMI,KENT COUNTY JAIL,701 BALL AVENUE NORTHEAST,GRAND RAPIDS,KENT,MI,49503,IGSA,IGSA,Female/Male,"A, B, C, D",5,0,0.39393940567970276,0.4438356226310134,0.6164383701980114,0.34520548582077026,0,0,0,COUNTY (SHERIFF),COUNTY,NA,NA,85,DMCP,Under 72,ORSA,NDS,Acceptable,2015-09-18T00:00:00Z,Acceptable,Acceptable,Acceptable,At-Risk,NA,NA,No
KRO,KROME NORTH SERVICE PROCESSING CENTER,18201 SOUTHWEST 12TH STREET,MIAMI,MIAMI-DADE,FL,33194,SPC,SPC,Male,"A, B, C, D",611,565,540.0757607519627,452.20821677334607,519.0520521523431,567.8027368793264,577.9289598993491,606.87945556640625,531.24932861328125,AKAL (GUARD),ICE,2008-08-04T00:00:00Z,NA,"450 (GM); $146.60 (1-450), $57.35 (451+)",DMCP,Over 72,Regular,PBNDS 2011,Meets Standard,2015-04-02T00:00:00Z,Meets Standard,Meets Standard,Meets Standard,Meets Standard,Meets Standard,Meets Standard,Yes
LAPAZAZ,LA PAZ COUNTY ADULT DETENTION FACILITY,1109 ARIZONA AVE.,PARKER,LA PAZ,AZ,85344,USMS IGA,USMS IGA,Male,"A, B, C, D",AS NEEDED,0,0.06060606241226196,0.9506849208846688,1.542465731035918,0,0,0,0,COUNTY (SHERIFF),COUNTY,1996-04-15T00:00:00Z,NA,60,DMCP,Under 72,ORSA,NDS,Acceptable,2015-07-17T00:00:00Z,Acceptable,Acceptable,Acceptable,NA,Acceptable,Superior,No
LAPLACO,LA PLATA COUNTY JAIL,742 TURNER DRIVE,DURANGO,FLOYD,CO,81303,USMS IGA,USMS IGA,Female/Male,"A, B, C, D",50,0,0.06060606241226196,0.05753424810245633,0.18082191795110703,0.7561643840745091,0.30874315835535526,0.6219177842140198,0.5232899785041809,COUNTY (SHERIFF),COUNTY,2006-06-01T00:00:00Z,NA,65,DMCP,Under 72,ORSA,NDS,Acceptable,2015-08-14T00:00:00Z,Acceptable,Acceptable,Acceptable,NA,NA,Superior,No
LRDICDF,LAREDO PROCESSING CENTER,4702 EAST SAUNDERS STREET,LAREDO,WEBB,TX,78041,USMS IGA,USMS IGA,Female/Male,"A, B, C, D",400,330,342.10606759786606,278.9753405605443,312.30958677176386,320.83835399895906,326.15027019102126,229.16163635253906,241.51780700683594,CCA,COUNTY,2002-10-30T00:00:00Z,NA,59.79,DMCP,Over 72,Regular,NDS,Pending,2015-06-04T00:00:00Z,Pending,Pending,Acceptable,Acceptable,Acceptable,Superior,Yes
LEXINSC,LEXINGTON COUNTY JAIL,521 GIBSON ROAD,LEXINGTON,LEXINGTON,SC,29072,USMS IGA,USMS IGA,Male,"A, B, C, D",28,0,1.9848485440015793,2.232876695692539,2.249315047170967,3.0410958915017545,3.778688382357359,3.9780821800231934,0,COUNTY (SHERIFF),COUNTY,2010-10-01T00:00:00Z,NA,60.81,DMCP,Under 72,ORSA,NDS,Acceptable,2015-08-26T00:00:00Z,Acceptable,Acceptable,Acceptable,NA,Acceptable,Superior,No
LINCOMO,LINCOLN COUNTY DETENTION CENTER,65 BUSINESS PARK DRIVE,TROY,LINCOLN,MO,63379,IGSA,IGSA,Male,"A, B, C, D",10,6,7.46969698369503,12.145205344073474,15.00273961853236,8.39726020814851,8.710382503457367,5.526027202606201,8.632880210876465,COUNTY (SHERIFF),COUNTY,1999-11-03T00:00:00Z,NA,50,DMCP,Over 72,ORSA,NDS,Acceptable,2014-09-05T00:00:00Z,NA,Acceptable,Acceptable,NA,Acceptable,Deficient,No
LINNJIA,LINN COUNTY JAIL,53 3RD AVENUE BRIDGE,CEDAR RAPIDS,LINN,IA,52401,USMS IGA,USMS IGA,Male,"A, B, C, D",25,4,2.0151515752077103,2.7452054475434124,3.9123287545517087,4.695890370290726,8.5819671403151,14.216438293457031,8.884929656982422,COUNTY (SHERIFF),COUNTY,1999-12-13T00:00:00Z,NA,64.7,DMCP,Over 72,Regular,NDS,Acceptable,2015-05-07T00:00:00Z,Acceptable,NA,Acceptable,NA,Acceptable,Superior,No
LONPDAR,LONOKE POLICE DEPARTMENT,204 W. FRONT STREET,LONOKE,LONOKE,AR,72086,IGSA,IGSA,Male,"A, B, C, D",5,0,1.1212121546268463,1.210958918556571,1.3287671394646168,1.6657534465193748,2.2431693233083934,3.578082323074341,2.695889949798584,CITY,CITY,1994-04-12T00:00:00Z,NA,30,DMCP,Under 72,ORSA,NDS,Acceptable,2015-09-10T00:00:00Z,Acceptable,Acceptable,Acceptable,NA,Acceptable,Superior,No
LUBBOTX,LUBBOCK COUNTY DETENTION CENTER,811 MAIN STREET,LUBBOCK,LUBBOCK,TX,79401,USMS IGA,USMS IGA,Female/Male,"A, B, C, D",15,0,1.0303030610084534,0.33698630752041936,0.7863013814203441,1.0712328804656863,0.38524589058943093,1.052054762840271,1.709589958190918,COUNTY (SHERIFF),USM,1984-11-16T00:00:00Z,NA,65,DMCP,Under 72,ORSA,NDS,Acceptable,2015-07-16T00:00:00Z,Acceptable,Acceptable,Acceptable,NA,Acceptable,Acceptable,No
MARIOIN,MARION COUNTY JAIL,40 SOUTH ALABAMA STREET,INDIANAPOLIS,MARION,IN,46204,USMS IGA,USMS IGA,Female/Male,"A, B, C, D",5,1,1.1212121546268463,0.9205479575321078,1.2712328927591443,2.191780843771994,3.8169397758319974,5.684931755065918,3.621920108795166,COUNTY (SHERIFF),COUNTY,2007-03-01T00:00:00Z,NA,65,DMCP,Under 72,ORSA,NDS,Acceptable,2015-08-17T00:00:00Z,Acceptable,Acceptable,Acceptable,NA,Acceptable,Superior,No
MARSHIA,MARSHALL COUNTY JAIL,2369 JESSUP AVENUE,MARSHALLTOWN,MARSHALL,IA,50158,USMS IGA,USMS IGA,Male,"A, B, C, D",35,25,22.530303046107292,24.315068375784904,18.89863006118685,9.232876712922007,15.68306011450477,17.408218383789062,0,COUNTY (SHERIFF),COUNTY,1999-05-11T00:00:00Z,NA,50,DMCP,Over 72,Regular,NDS,Pending,2015-09-24T00:00:00Z,Pending,NA,NA,Acceptable,Acceptable,Acceptable,No
MCHENIL,MCHENRY COUNTY CORRECTIONAL FACILITY,2200 NORTH SEMINARY AVENUE,WOODSTOCK,MCHENRY,IL,60098,USMS IGA,USMS IGA,Female/Male,"A, B, C, D",250,172,186.57575894892216,166.71506767906249,184.54520444432274,188.4082181067206,247.448086919263,293.9123229980469,226.0465850830078,COUNTY (SHERIFF),COUNTY,2003-11-03T00:00:00Z,NA,95,DMCP,Over 72,Regular,NDS,Acceptable,2015-06-11T00:00:00Z,Acceptable,Acceptable,Acceptable,Acceptable,Acceptable,Superior,Yes
MECKLNC,MECKLENBURG COUNTY DETENTION CENTER NORTH,5234 SPECTOR DRIVE,CHARLOTTE,MECKLENBURG,NC,28202,USMS IGA,USMS IGA,Female/Male,"A, B, C, D",AS NEEDED,0,1.5606061071157455,0.928767133038491,1.78904111078009,1.4493150785565376,2.8060108334757388,22.45479393005371,49.68492889404297,COUNTY (SHERIFF),COUNTY,2000-06-08T00:00:00Z,NA,124.78,DMCP,Under 72,ORSA,NDS,Acceptable,2015-08-27T00:00:00Z,Acceptable,Acceptable,Acceptable,NA,Acceptable,Superior,No
MECKLN2,MECKLENBURG COUNTY JAIL CENTRAL,801 EAST FOURTH ST,CHARLOTTE,MECKLENBURG,NC,28202,USMS IGA,USMS IGA,Female/Male,"A, B, C, D",AS NEEDED,0,0,0,0,0,0,0,0,COUNTY,COUNTY,2003-06-11T00:00:00Z,NA,109.7,DMCP,Under 72,ORSA,NDS,Acceptable,2014-09-23T00:00:00Z,NA,Acceptable,NA,NA,Acceptable,Superior,No
CACFMES,MESA VERDE DETENTION FACILITY,425 GOLDEN STATE AVE,BAKERSFIELD,KERN,CA,93301,IGSA,DIGSA,Female/Male,"A, B, C, D",400,356,360.15151554346085,158.56986249890178,0,0,0,0,0,GEO,CITY,NA,NA,"320 (GM); $119.95 (1-320), $94.95 (321-400)",DMCP,Over 72,Regular,PBNDS 2011,Pending,2015-06-25T00:00:00Z,NA,NA,NA,NA,NA,NA,No
MILLRAR,MILLER COUNTY JAIL,2300 EAST STREET,TEXARKANA,MILLER,AR,71854,USMS IGA,USMS IGA,Female/Male,"A, B, C, D",13,0,0.37878789007663727,0.47671233396977186,0.6438356228172779,0.8219178183935583,2.032786820549518,2.6301369667053223,3.347949981689453,COUNTY (SHERIFF),COUNTY,2003-05-28T00:00:00Z,NA,52,DMCP,Under 72,ORSA,NDS,Acceptable,2015-09-11T00:00:00Z,Acceptable,Acceptable,Acceptable,NA,Acceptable,Deficient,No
MINICID,MINICASSIA DETENTION CENTER,1415 ALBION AVENUE,BURLEY,CASSIA,ID,83318,IGSA,IGSA,Male,"A, B, C, D",10,3,3.939394026994705,2.441095884423703,3.109589023515582,3.002739710267633,2.866120169404894,5.358903884887695,5.331510066986084,COUNTY (SHERIFF),COUNTY,1993-10-01T00:00:00Z,NA,45,DMCP,Over 72,ORSA,NDS,Acceptable,2015-06-27T00:00:00Z,Acceptable,Acceptable,Acceptable,NA,Acceptable,Superior,No
MISCOMO,MISSISSIPPI COUNTY DETENTION CENTER,200 WEST COMMERCIAL STREET,CHARLESTON,MISSISSIPPI,MO,63834,IGSA,IGSA,Male,"A, B, C, D",40,0,0,2.8027396965771914,8.767123211175203,8.978082125075161,20.112021782901138,33.94794464111328,33.6356201171875,COUNTY (SHERIFF),COUNTY,1999-11-02T00:00:00Z,NA,65.03,DMCP,Over 72,ORSA,NDS,Acceptable,2015-07-31T00:00:00Z,Acceptable,Acceptable,Acceptable,NA,Acceptable,Superior,No
MOFFECO,MOFFAT COUNTY JAIL,800 WEST 1ST STREET,CRAIG,MOFFAT,CO,81625,IGSA,IGSA,Female/Male,"A, B, C, D",30,0,0.06060606241226196,0.16986301448196173,0.4356164410710335,1.1287671346217394,1.9153004819527268,2.416438341140747,2.53698992729187,COUNTY (SHERIFF),COUNTY,2003-03-07T00:00:00Z,NA,57.86,DMCP,Under 72,ORSA,NDS,Acceptable,2015-08-27T00:00:00Z,Acceptable,Acceptable,Acceptable,NA,NA,Superior,No
MONROFL,MONROE COUNTY DETENTION CENTER,5501 COLLEGE ROAD,KEY WEST,MONROE,FL,33040,IGSA,IGSA,Male,"B, C, D",72,47,53.969697177410126,46.14794498262927,57.01917797047645,56.715068228542805,84.95081951073371,81.3643798828125,16.3643798828125,COUNTY (SHERIFF),COUNTY,1997-05-13T00:00:00Z,NA,"50 (GM); $87.00 (1-50), $25.00 (51-72)",DMCP,Over 72,Regular,PBNDS 2008,Pending,2015-07-30T00:00:00Z,Pending,Meets Standard,Acceptable,Acceptable,Acceptable,Superior,No
MONROMI,MONROE COUNTY DETENTION-DORM,7000 EAST DUNBAR ROAD,MONROE,MONROE,MI,48161,IGSA,IGSA,Male,"A, B, C, D",80,37,50.87878796458244,43.1287670689635,71.62191746896133,0,0,0,0,COUNTY (SHERIFF),COUNTY,2008-07-01T00:00:00Z,NA,74.959999999999994,DMCP,Over 72,Regular,NDS,Pending,2015-09-11T00:00:00Z,Pending,Acceptable,Acceptable,NA,Acceptable,Acceptable,Yes
MNTGMAL,MONTGOMERY CITY JAIL,320 NORTH RIPLEY STREET,MONTGOMERY,MONTGOMERY,AL,36104,IGSA,IGSA,Female/Male,"A, B, C, D",AS NEEDED,0,0.5303030461072922,0.5972602870315313,1.0191781045868993,1.1945205759257078,1.4890709959436208,0.7397260665893555,0,CITY,CITY,1997-08-29T00:00:00Z,2013-07-01T00:00:00Z,48,DMCP,Over 72,ORSA,NDS,Acceptable,2014-10-01T00:00:00Z,NA,Acceptable,NA,NA,NA,NA,No
MONTGPA,MONTGOMERY COUNTY CORRECTIONAL FACILITY,60 EAGLEVILLE ROAD,NORRISTOWN,MONTGOMERY,PA,19403,USMS IGA,USMS IGA,Female/Male,"A, B, C, D",60,0,0,1.9123288011178374,1.7945205699652433,1.7287671365775168,1.6939890161156654,1.169862985610962,1.230139970779419,COUNTY (CORRECTIONS),COUNTY,2000-08-01T00:00:00Z,NA,74.5,DMCP,Under 72,ORSA,NDS,Acceptable,2014-07-15T00:00:00Z,NA,Acceptable,Acceptable,NA,Acceptable,Superior,No
MONTGMO,MONTGOMERY COUNTY JAIL,211 EAST THIRD STREET,MONTGOMERY CITY,MONTGOMERY,MO,63361,IGSA,IGSA,Male,"A, B, C, D",50,11,14.666666761040688,13.843835546635091,21.02739714505151,19.024657463654876,29.106557331513613,36.71506881713867,32.17259979248047,COUNTY (SHERIFF),COUNTY,2007-09-25T00:00:00Z,NA,50,DMCP,Over 72,Regular,NDS,Acceptable,2015-08-13T00:00:00Z,Acceptable,NA,Acceptable,NA,Acceptable,Superior,No
MONTGAL,MONTGOMERY COUNTY MAC SIM BUTLER DETENTION FACILIT,250 MCDONOUGH STREET,MONTGOMERY,MONTGOMERY,AL,36103,USMS IGA,USMS IGA,Female/Male,"A, B, C, D",AS NEEDED,0,0,0,0,0,0,0,0,COUNTY (SHERIFF),COUNTY,NA,NA,48,DMCP,Under 72,ORSA,NDS,Acceptable,2015-08-05T00:00:00Z,Acceptable,NA,Pending,Special Review - Pre-Occupancy,NA,NA,No
MORGNMO,MORGAN COUNTY ADULT DETENTION CENTER,211 EAST NEWTON STREET,VERSAILLES,MORGAN,MO,65084,IGSA,IGSA,Female/Male,"A, B, C, D",40,23,34.393939554691315,28.60547925485298,29.923287455458194,43.13698603864759,54.41530019091442,41.583560943603516,34.402740478515625,COUNTY (SHERIFF),COUNTY,2003-07-18T00:00:00Z,NA,65.099999999999994,DMCP,Over 72,Regular,NDS,Acceptable,2015-01-23T00:00:00Z,Acceptable,NA,Acceptable,NA,Acceptable,Superior,No
MOROWOH,MORROW COUNTY CORRECTIONAL FACILITY,101 HOME ROAD,MOUNT GILEAD,MORROW,OH,43338,IGSA,IGSA,Male,"A, B, C, D",40,23,22.090909600257874,31.77534228703007,46.575342170428485,41.85753398248926,49.22677570255473,48.131507873535156,54.3588981628418,COUNTY (SHERIFF),COUNTY,2009-08-17T00:00:00Z,NA,53.64,DMCP,Over 72,Regular,NDS,Acceptable,2014-01-30T00:00:00Z,NA,Acceptable,NA,Acceptable,Acceptable,Superior,No
NATROWY,NATRONA COUNTY JAIL,1100 BRUCE LANE,CASPER,NATRONA,WY,82601,USMS IGA,USMS IGA,Female/Male,"A, B, C, D",AS NEEDED,0,0.22727273404598236,0.20547945285215974,0.11232876917347312,0.18356164498254657,0.4699453350622207,0.767123281955719,0.7452099919319153,COUNTY (SHERIFF),COUNTY,2007-10-17T00:00:00Z,NA,75,DMCP,Under 72,ORSA,NDS,Acceptable,2014-04-22T00:00:00Z,NA,Acceptable,Acceptable,NA,NA,Acceptable,No
NAVSOAZ,NAVAJO COUNTY SHERIFF,100 EAST CARTER DRIVE,HOLBROOK,NAVAJO,AZ,86025,IGSA,IGSA,Female/Male,"A, B, C, D",AS NEEDED,0,0,0,0,0.38630136800929904,0.07377048954367638,1.0136985778808594,0.3178099989891052,COUNTY (SHERIFF),COUNTY,1999-04-14T00:00:00Z,NA,59,DMCP,Under 72,ORSA,NDS,Acceptable,2015-07-11T00:00:00Z,Acceptable,Acceptable,Acceptable,NA,Acceptable,Superior,No
NWHNVNC,NEW HANOVER COUNTY JAIL,3950 JUVENILE RD,CASTLE HAYNE,NEW HANOVER,NC,28429,IGSA,IGSA,Female/Male,"A, B, C, D",AS NEEDED,0,0.1818181872367859,0.38356164330616593,0.7013698588125408,1.0219178004190326,0.36065572244115174,0,0,COUNTY (SHERIFF),COUNTY,NA,NA,60,DMCP,Under 72,ORSA,NDS,Acceptable,2015-09-03T00:00:00Z,Acceptable,Acceptable,Acceptable,Acceptable,Acceptable,NA,No
NOBLEMN,NOBLES COUNTY JAIL,1530 AIRPORT ROAD,WORTHINGTON,NICOLLET,MN,56187,IGSA,IGSA,Male,"A, B, C, D",10,2,0.8181818425655365,1.0712328711524606,1.4849314913153648,2.2684931396506727,3.5437157656997442,4.80273962020874,4.400000095367432,COUNTY (SHERIFF),COUNTY,2002-03-11T00:00:00Z,NA,89.69,DMCP,Over 72,ORSA,NDS,Acceptable,2015-08-18T00:00:00Z,Acceptable,Acceptable,Acceptable,NA,Acceptable,Superior,No
NORFOMA,NORFOLK COUNTY JAIL,200 WEST STREET,DEDHAM,NORFOLK,MA,2026,USMS IGA,USMS IGA,Male,"B, C, D",50,0,0,0.947945199906826,6.46027394849807,17.887671223375946,25.237704935483634,41.20547866821289,40.290409088134766,COUNTY (SHERIFF),COUNTY,2001-03-01T00:00:00Z,NA,95,DMCP,Over 72,ORSA,NDS,Acceptable,2015-09-29T00:00:00Z,Acceptable,NA,Acceptable,NA,Acceptable,Superior,No
NORCOOR,NORTHERN OREGON CORRECTIONAL FACILITY,211 WEBBER ROAD,THE DALLES,WASCO,OR,97058,IGSA,IGSA,Male,"A, B, C, D",AS NEEDED,5,6.181818217039108,7.284931450616568,8.369862992782146,2.849315050523728,3.0327868671156466,2.1945204734802246,7.693150043487549,COUNTY (JAILER),COUNTY,1999-11-24T00:00:00Z,NA,61.12,DMCP,Over 72,ORSA,NDS,Acceptable,2015-09-30T00:00:00Z,Acceptable,Acceptable,Acceptable,NA,Repeat Finding,Superior,No
WVNORTH,NORTHERN REGIONAL JAIL,RD #2,MOUNDSVILLE,MARSHALL,WV,26041,USMS IGA,USMS IGA,Female/Male,"A, B, C, D",5,0,0,0.2000000039115548,0,0,0.0027322403620928526,0.054794520139694214,0.09589000046253204,COUNTY (CORRECTIONS),RJA,1990-09-14T00:00:00Z,NA,65,DMCP,Under 72,ORSA,NDS,Acceptable,2015-09-15T00:00:00Z,Acceptable,Acceptable,NA,NA,Acceptable,Superior,No
CSCNWWA,NORTHWEST DETENTION CENTER,1623 E. J STREET,TACOMA,PIERCE,WA,98421,CDF,CDF,Female/Male,"A, B, C, D",1575,1501,1427.0303018391132,1132.2849272796884,1399.9753389074467,1333.123282704968,1313.183057647664,1167.2384033203125,1104.78076171875,GEO,GEO,2009-10-16T00:00:00Z,2015-04-23T00:00:00Z,B4,DMCP,Over 72,Regular,PBNDS 2011,Pending,2015-04-16T00:00:00Z,Pending,Meets Standard,Meets Standard,Meets Standard,Meets Standard,Meets Standard,Yes
VTSTALB,NORTHWEST STATE CORRECTIONAL CENTER,3649 LOWER NEWTON ROAD,SWANTON,FRANKLIN,VT,5488,USMS IGA,USMS IGA,Female/Male,"A, B, C, D",AS NEEDED,0,0.07575757801532745,0.2986301393248141,0.7369862957857549,0.4054794549010694,0.5874316815752536,0.10410958528518677,0.08493000268936157,COUNTY (CORRECTIONS),COUNTY,NA,NA,130,DMCP,Over 72,ORSA,NDS,Acceptable,2015-07-31T00:00:00Z,Acceptable,Acceptable,NA,NA,NA,NA,No
ONTARNY,ONTARIO COUNTY JAIL,3045 COUNTY COMPLEX DRIVE,CANANDAIGUA,ONTARIO,NY,14424,USMS IGA,USMS IGA,Female/Male,"A, B, C, D",3,0,0,0.6328767123632133,1.9123287554830313,0.47397261019796133,2.071038238471374,2.4657535552978516,2.243839979171753,COUNTY (SHERIFF),COUNTY,1984-07-20T00:00:00Z,NA,80,DMCP,Over 72,ORSA,NDS,Acceptable,2015-07-24T00:00:00Z,Acceptable,Acceptable,Acceptable,NA,Acceptable,Superior,No
OCCWJCA,ORANGE COUNTY CENTRAL WOMEN'S JAIL,550 NORTH FLOWER STREET,SANTA ANA,ORANGE,CA,92703,IGSA,IGSA,Female,"A, B, C, D",AS NEEDED,0,0,0,0.010958904400467873,0,0,0,0,COUNTY (SHERIFF),COUNTY,2010-07-20T00:00:00Z,2015-07-19T00:00:00Z,118,DMCP,Under 72,ORSA,NDS,Acceptable,2015-07-17T00:00:00Z,Acceptable,Acceptable,Pending,Acceptable,NA,NA,No
OCIRCCA,ORANGE COUNTY INTAKE RELEASE FACILITY,550 NORTH FLOWER STREET,SANTA ANA,ORANGE,CA,92703,IGSA,IGSA,Female/Male,"A, B, C, D",AS NEEDED,1,0.22727273404598236,0.16438355995342135,0.1890410971827805,0.3452054737135768,1.0819672036450356,2.4684932231903076,0,COUNTY (SHERIFF),COUNTY,2010-07-20T00:00:00Z,2015-07-19T00:00:00Z,118,DMCP,Under 72,ORSA,NDS,Acceptable,2015-07-17T00:00:00Z,Acceptable,Acceptable,Acceptable,Acceptable,Acceptable,Superior,No
ORANGNY,ORANGE COUNTY JAIL,110 WELLS FARM ROAD,GOSHEN,ORANGE,NY,10924,IGSA,IGSA,Female/Male,"A, B, C, D",142,166,168.8484853953123,128.57534241629764,114.15068441443145,117.71506831329316,112.01912558963522,105.98629760742188,108.71233367919922,COUNTY (CORRECTIONS),COUNTY,2009-05-24T00:00:00Z,2015-08-12T00:00:00Z,133.93,DMCP,Over 72,Regular,NDS,Pending,2015-03-19T00:00:00Z,Pending,Acceptable,Acceptable,Acceptable,Acceptable,Superior,No
ORANGFL,ORANGE COUNTY JAIL,3855 SOUTH JOHN YOUNG PARKWAY,ORLANDO,ORANGE,FL,32839,USMS IGA,USMS IGA,Female/Male,"A, B, C, D",5,0,1.1212121546268463,0.5835616481490433,0.49589041993021965,1.2493150755763054,2.327868826687336,2.515068531036377,0.7780799865722656,COUNTY,COUNTY,2004-07-27T00:00:00Z,NA,88,DMCP,Under 72,ORSA,NDS,Acceptable,2015-07-17T00:00:00Z,Acceptable,Acceptable,Acceptable,NA,Acceptable,Superior,No
OTRPCNM,OTERO COUNTY PROCESSING CENTER,26 MCGREGOR RANGE ROAD,CHAPARRAL,DONA ANA,NM,88081,IGSA,DIGSA,Male,"A, B, C, D",1000,944,822.424249753356,825.7589006400667,844.731501611881,826.9342409246601,741.2568310811184,816.76708984375,869.172607421875,M&TC,COUNTY,2008-06-12T00:00:00Z,NA,"$91.03 (1-850),  $18.72 (851-1000)",DMCP,Over 72,Regular,PBNDS 2011,Meets Standard,2015-02-26T00:00:00Z,Meets Standard,Meets Standard,Meets Standard,Meets Standard,Acceptable,Superior,Yes
PENNISD,PENNINGTON COUNTY JAIL (SOUTH DAKOTA),307 SAINT JOSEPH STREET,RAPID CITY,PENNINGTON,SD,57701,USMS IGA,USMS IGA,Female/Male,"A, B, C, D",5,0,0.03030303120613098,0.18630136596038938,0.15890410915017128,0.27123287692666054,0.48633878654800355,0.43287670612335205,0.7452099919319153,COUNTY (SHERIFF),COUNTY,1996-07-08T00:00:00Z,NA,75,DMCP,Over 72,ORSA,NDS,Acceptable,2015-08-28T00:00:00Z,Acceptable,Acceptable,Acceptable,NA,Acceptable,Superior,No
PHELPNE,PHELPS COUNTY JAIL,715 5TH AVENUE,HOLDREGE,PHELPS,NE,68949,USMS IGA,USMS IGA,Female/Male,"A, B, C, D",20,4,4.272727310657501,3.295890393666923,8.5698629678227,11.073972525075078,16.494535498088226,25.260272979736328,22.81917953491211,COUNTY (SHERIFF),COUNTY,2002-05-16T00:00:00Z,NA,55,DMCP,Over 72,ORSA,NDS,Acceptable,2015-08-31T00:00:00Z,Acceptable,NA,Acceptable,NA,Acceptable,Superior,No
PIKCOPA,PIKE COUNTY CORRECTIONAL FACILITY,175 PIKE COUNTY BOULEVARD,LORDS VALLEY,PIKE,PA,18428,IGSA,IGSA,Male,"A, B, C, D",200,147,131.3333333581686,113.89862967049703,160.1808213549666,173.08493022201583,174.32240392453969,176.49041748046875,171.7753448486328,COUNTY (SHERIFF),COUNTY,2008-12-31T00:00:00Z,NA,82.31,DMCP,Over 72,Regular,PBNDS 2008,Pending,2015-01-08T00:00:00Z,Pending,Meets Standard,Meets Standard,Acceptable,Acceptable,Superior,Yes
PINELFL,PINELLAS COUNTY JAIL,14400 49TH STREET NORTH,CLEARWATER,PINELLAS,FL,33762,USMS IGA,USMS IGA,Female/Male,"A, B, C, D",5,0,0.3333333432674408,0.2657534289173782,0.6876712436787784,0.6082191881723702,2.155737637076527,1.0794520378112793,0.9315099716186523,COUNTY (SHERIFF),COUNTY,2009-03-31T00:00:00Z,NA,80,DMCP,Under 72,ORSA,NDS,Acceptable,2015-07-31T00:00:00Z,Acceptable,Acceptable,Acceptable,NA,Acceptable,Acceptable,No
PLATTMO,PLATTE COUNTY DETENTION CENTER,415 THIRD STREET,PLATTE CITY,PLATTE,MO,64079,IGSA,IGSA,Female/Male,"A, B, C, D",20,1,0.22727273404598236,0.19452054984867573,0.11780822044238448,0.12328767217695713,0.29508195677772164,0.38904109597206116,0.6273999810218811,COUNTY (SHERIFF),COUNTY,2009-02-12T00:00:00Z,2014-02-11T00:00:00Z,77.900000000000006,DMCP,Under 72,ORSA,NDS,Acceptable,2015-05-31T00:00:00Z,Acceptable,NA,NA,NA,Acceptable,Superior,No
PLATTWY,PLATTE COUNTY JAIL,850 MAPLE STREET,WHEATLAND,PLATTE,WY,82201,USMS IGA,USMS IGA,Female/Male,"A, B, C, D",AS NEEDED,3,0.22727273404598236,0.06301370030269027,0.06301369983702898,0.17534246807917953,0.6912568032275885,1.0219178199768066,1.4986300468444824,COUNTY (SHERIFF),COUNTY,2007-12-04T00:00:00Z,NA,63,DMCP,Under 72,ORSA,NDS,Acceptable,2014-07-11T00:00:00Z,NA,Acceptable,Acceptable,NA,NA,Superior,No
PLYMOMA,PLYMOUTH COUNTY CORRECTIONAL FACILITY,26 LONG POND ROAD,PLYMOUTH,PLYMOUTH,MA,2360,IGSA,IGSA,Male,"A, B, C, D",340,101,62.18181815743446,61.27671169023961,122.9068488352932,219.857533514034,296.57103790412657,298.6274108886719,273.55340576171875,COUNTY (SHERIFF),COUNTY,2008-09-22T00:00:00Z,NA,93.82,DMCP,Over 72,Regular,NDS,Acceptable,2015-06-18T00:00:00Z,Acceptable,Acceptable,Acceptable,Acceptable,Acceptable,Superior,Yes
POLKCTX,POLK COUNTY ADULT DETENTION FACILITY,3400 FM 350 SOUTH,LIVINGSTON,POLK,TX,77351,IGSA,IGSA,Male,"A, B, C, D",1054,362,373.89394119381905,288.5643812199123,594.084930001758,513.1041069440544,773.8633869891055,733.68218994140625,835.64385986328125,CEC,COUNTY,2007-07-25T00:00:00Z,NA,68.59,DMCP,Over 72,Regular,NDS,Acceptable,2015-01-08T00:00:00Z,Acceptable,Acceptable,Acceptable,Acceptable,Acceptable,Superior,Yes
POLKJIA,POLK COUNTY JAIL,1985 NE 51ST,DES MOINES,POLK,IA,50313,USMS IGA,USMS IGA,Male,"A, B, C, D",60,0,0.9242424368858337,1.0109589071944356,13.66849311767146,23.15890392055735,45.81967192608863,56.64109420776367,43.44110107421875,COUNTY (SHERIFF),COUNTY,2007-07-25T00:00:00Z,NA,95,DMCP,Over 72,Regular,NDS,Pending,2015-08-06T00:00:00Z,Pending,NA,Acceptable,Acceptable,Acceptable,Superior,No
POMONCA,POMONA CITY JAIL,490 WEST MISSION BOULEVARD,POMONA,LOS ANGELES,CA,91766,USMS IGA,USMS IGA,Female/Male,"A, B, C, D",AS NEEDED,0,0.01515151560306549,0,0.1616438371129334,0.5068493247963488,0.6202185596339405,0.6027397513389587,1.243839979171753,CITY,CITY,2002-10-31T00:00:00Z,NA,75,DMCP,Under 72,ORSA,NDS,Acceptable,2015-07-13T00:00:00Z,Acceptable,Acceptable,Acceptable,NA,Acceptable,Superior,No
PIC,PORT ISABEL,27991 BUENA VISTA BOULEVARD,LOS FRESNOS,CAMERON,TX,78566,SPC,SPC,Male,"A, B, C, D",1175,1113,1082.7424365282059,1008.3287647743709,992.3397243018262,1087.3342415690422,1133.478140618652,913.24658203125,718.802734375,AHTNA (GUARD),ICE,2008-07-10T00:00:00Z,NA,"800 (GM); $125.69 (1-800), $0.00 (800-1175)",DMCP,Over 72,Regular,PBNDS 2011,Pending,2015-02-05T00:00:00Z,Pending,Pending,Meets Standard,Meets Standard,Meets Standard,Meets Standard,Yes
POTTAIA,POTTAWATTAMIE COUNTY JAIL,1400 BIG LAKE ROAD,COUNCIL BLUFFS,POTTAWATTAMIE,IA,51501,USMS IGA,USMS IGA,Female/Male,"B, C, D",10,8,1.4090909212827682,6.386301387101412,11.635616383515298,7.386301286984235,17.907103708945215,26.00547981262207,38.34794998168945,COUNTY (SHERIFF),COUNTY,1997-01-08T00:00:00Z,NA,79.260000000000005,DMCP,Over 72,ORSA,NDS,Acceptable,2014-08-28T00:00:00Z,NA,Acceptable,NA,Acceptable,Acceptable,Superior,No
PWILLVA,PRINCE WILLIAM COUNTY CORRECTIONAL FACILITY,9320 LEE AVENUE,MANASSAS,MANASSAS CITY,VA,20110,USMS IGA,USMS IGA,Female/Male,"A, B, C, D",AS NEEDED,0,0,0.008219177834689617,0.005479452200233936,0.3616438265889883,0.01092896144837141,0.010958904400467873,0.09314999729394913,COUNTY (CORRECTIONS),COUNTY,1983-07-27T00:00:00Z,NA,84.63,DMCP,Under 72,ORSA,NDS,Acceptable,2014-08-29T00:00:00Z,NA,Acceptable,Acceptable,NA,Acceptable,Superior,No
PUEBLCO,PUEBLO COUNTY JAIL,909 COURT STREET,PUEBLO,PUEBLO,CO,81003,USMS IGA,USMS IGA,Female/Male,"A, B, C, D",25,0,0,0,0.046575342770665884,0.19999999972060323,0.18306010216474533,0.2493150681257248,0.37808001041412354,COUNTY (SHERIFF),COUNTY,1982-08-01T00:00:00Z,NA,48.5,DMCP,Under 72,ORSA,NDS,Acceptable,2014-08-14T00:00:00Z,NA,Acceptable,Acceptable,NA,NA,Superior,No
RAADCMN,RAMSEY COUNTY ADULT DETENTION CENTER,425 GROVE STREET,ST. PAUL,RAMSEY,MN,55101,USMS IGA,USMS IGA,Female/Male,"A, B, C, D",15,14,15.72727282345295,9.936986309010535,22.0712328706868,27.641095717437565,48.24043704173528,66.09588623046875,58.81370162963867,COUNTY (SHERIFF),COUNTY,1986-02-10T00:00:00Z,NA,80,DMCP,Over 72,Regular,NDS,Pending,2014-09-05T00:00:00Z,NA,Pending,NA,Acceptable,Acceptable,Acceptable,No
RNDLLTX,RANDALL COUNTY JAIL,9100 SOUTH GEORGIA STREET,AMARILLO,RANDALL,TX,79118,USMS IGA,USMS IGA,Female/Male,"A, B, C, D",40,0,0.9545454829931259,1.7178082363680005,1.4191780951805413,2.1068493318744004,3.2568304913584143,2.931506872177124,8.852049827575684,COUNTY (SHERIFF),USM,2007-07-01T00:00:00Z,NA,65,DMCP,Under 72,ORSA,NDS,Acceptable,2015-06-30T00:00:00Z,Acceptable,Acceptable,Acceptable,NA,Acceptable,Superior,No
RICECKS,RICE COUNTY DETENTION CENTER,1482 WEST UNITED STATES HIGHWAY 56,LYONS,RICE,KS,67554,IGSA,IGSA,Female/Male,"A, B, C, D",10,0,0,0,0.810958871152252,24.893150556832552,20.683060052338988,25.901369094848633,16.13698959350586,COUNTY (SHERIFF),COUNTY,2007-06-11T00:00:00Z,NA,50,DMCP,Over 72,Regular,NDS,Acceptable,2013-01-10T00:00:00Z,NA,NA,Acceptable,NA,Acceptable,Superior,No
RIOCCCA,RIO COSUMNES CORR. CENTER,12500 BRUCEVILLE ROAD,ELK GROVE,SACRAMENTO,CA,95757,IGSA,IGSA,Male,"A, B, C, D",AS NEEDED,87,113.04545463621616,135.48493081331253,200.96986246621236,0.1287671229802072,0,0,0,COUNTY (SHERIFF),COUNTY,NA,NA,100,DMCP,Over 72,Regular,NDS,Pending,2015-09-03T00:00:00Z,Pending,Acceptable,NA,Special Review - Pre-Occupancy,NA,NA,No
RGRNDTX,RIO GRANDE DETENTION CENTER,1001 SAN RIO BOULEVARD,LAREDO,WEBB,TX,78046,USMS IGA,USMS IGA,Male,"A, B, C, D",672,566,465.74243611097336,444.4082160699181,386.2931474954821,0,0,0,0,GEO,GEO,2014-01-01T00:00:00Z,NA,B4,DMCP,Over 72,Regular,PBNDS 2008,Pending,2015-03-12T00:00:00Z,Pending,Meets Standard,Special Review - Pre-Occupancy,NA,NA,NA,No
RONKEVA,ROANOKE CITY JAIL,340 CAMPBELL AVENUE SOUTHWEST,ROANOKE,ROANOKE,VA,24016,IGSA,IGSA,Female/Male,"A, B, C, D",AS NEEDED,0,1.0454545766115189,0.8493150719441473,0.16164383850991726,0.18904109671711922,0.6229507985990494,0.8876712322235107,0.1780800074338913,CITY,CITY,NA,NA,46.57,DMCP,Over 72,ORSA,NDS,Acceptable,2014-10-01T00:00:00Z,NA,Acceptable,NA,NA,NA,NA,No
ROCKIIL,ROCK ISLAND COUNTY CORRECTIONAL CENTER,1317 3RD AVENUE,ROCK ISLAND,ROCK ISLAND,IL,61201,USMS IGA,USMS IGA,Female/Male,"A, B, C, D",20,0,0.7575757801532745,0.7479452043771744,0.9506849213503301,1.1068493169732392,2.1557376275304705,3.5315067768096924,1.1205500364303589,COUNTY (SHERIFF),COUNTY,1983-04-13T00:00:00Z,NA,45,DMCP,Under 72,ORSA,NDS,Acceptable,2015-07-31T00:00:00Z,Acceptable,Acceptable,Acceptable,NA,Acceptable,Superior,No
ROCKIVA,ROCKINGHAM COUNTY JAIL,25 SOUTH LIBERTY STREET,HARRISONBURG,HARRISONBURG CITY,VA,22801,USMS IGA,USMS IGA,Female/Male,"A, B, C, D",AS NEEDED,0,0.13636364042758942,0.18904109857976437,0.3534246631897986,0.1232876731082797,0.027322403388097882,0,0.3589000105857849,COUNTY (SHERIFF),COUNTY,1996-01-17T00:00:00Z,NA,72,DMCP,Under 72,ORSA,NDS,Acceptable,2015-09-29T00:00:00Z,Acceptable,NA,NA,NA,Acceptable,Superior,No
HASKLTX,ROLLING PLAINS DETENTION CENTER,118 COUNTY ROAD 206,HASKELL,HASKELL,TX,79521,IGSA,IGSA,Female/Male,"A, B, C, D",525,475,491.5909137427807,440.3945188098587,472.3342443937436,466.53424482792616,504.01912494492717,480.7671203613281,508.89862060546875,EMERALD,CITY,2002-07-19T00:00:00Z,NA,69.099999999999994,DMCP,Over 72,Regular,PBNDS 2011,Meets Standard,2015-02-12T00:00:00Z,Meets Standard,Acceptable,Acceptable,Acceptable,Acceptable,Superior,Yes
STCLAMI,SAINT CLAIR COUNTY JAIL,1170 MICHIGAN ROAD,PORT HURON,SAINT CLAIR,MI,48060,IGSA,IGSA,Female/Male,"A, B, C, D",60,51,48.12121246755123,40.879451828077435,49.465753302909434,28.021917678415775,41.00273225479759,45.06575393676758,8.720549583435059,COUNTY (SHERIFF),COUNTY,2009-08-31T00:00:00Z,NA,82,DMCP,Over 72,Regular,PBNDS 2008,Pending,2015-08-27T00:00:00Z,Pending,Meets Standard,NA,Acceptable,Acceptable,Superior,No
STTAMLA,SAINT TAMMANY PARISH JAIL,701 NORTH COLUMBIA STREET,COVINGTON,SAINT TAMMANY,LA,70433,IGSA,IGSA,Female/Male,"A, B, C, D",AS NEEDED,0,2.7575758397579193,4.378082181327045,4.92054798360914,6.265753486659378,2.7021857185754925,0,0,COUNTY (SHERIFF),COUNTY,2010-09-20T00:00:00Z,NA,56.69,DMCP,Under 72,ORSA,NDS,Acceptable,2015-08-01T00:00:00Z,Acceptable,Acceptable,Acceptable,Acceptable,NA,NA,No
SALEMNJ,SALEM COUNTY CORRECTIONAL FACILITY,125 CEMETERY ROAD,WOODSTOWN,COUNTY,NJ,80898,USMS IGA,USMS IGA,NA,NA,AS NEEDED,0,0.01515151560306549,0,0,0,0,0,0,COUNTY (SHERIFF),COUNTY,NA,NA,100,DMCP,Under 72,Regular,NDS,Special Review - Pre-Occupancy,2015-05-07T00:00:00Z,NA,NA,NA,NA,NA,NA,No
SBERNCA,SAN BERNARDINO COUNTY JAIL,630 EAST RIALTO AVENUE,SAN BERNARDINO,SAN BERNARDINO,CA,92408,USMS IGA,USMS IGA,Female/Male,"A, B, C, D",AS NEEDED,0,0,0,0.027397260069847107,0.07123287674039602,0.12295081559568644,0.7260274291038513,0.23562000691890717,COUNTY (SHERIFF),COUNTY,1996-07-12T00:00:00Z,NA,80,DMCP,Under 72,ORSA,NDS,Acceptable,2015-09-18T00:00:00Z,Acceptable,Acceptable,Acceptable,NA,Acceptable,Superior,No
CCASDCA,SAN DIEGO (OTAY MESA) CDF (USMS IGA),7488 CALZADA DE LA FUENTE,SAN DIEGO,SAN DIEGO,CA,92154,CDF,CDF,Female/Male,"A, B, C, D",696,751,678.3181839883327,635.4136960115284,663.9397236192599,652.9260248974897,665.1475401420612,671.05206298828125,666.99725341796875,CCA,OFDT,2005-07-01T00:00:00Z,NA,B4,DMCP,Over 72,Regular,PBNDS 2011,Special Review - Pre-Occupancy,2015-09-24T00:00:00Z,Special Review - Pre-Occupancy,Pending,Meets Standard,Meets Standard,Meets Standard,Meets Standard,Yes
SLRDCAZ,SAN LUIS REGIONAL DETENTION CENTER,406 NORTH AVENUE D,SAN LUIS,YUMA,AZ,85349,USMS IGA,USMS IGA,Female/Male,"A, B, C, D",400,29,3.060606151819229,4.978082202374935,57.57260246761143,0.5315068350173533,0.0327868836466223,0.013698630034923553,0.09863000363111496,EMERALD,CITY,2007-03-26T00:00:00Z,NA,72,DMCP,Over 72,Regular,NDS,Pending,2015-04-16T00:00:00Z,Pending,NA,Acceptable,NA,Acceptable,Acceptable,No
SANJAIL,SANGAMON COUNTY JAIL,1 SHERIFFS PLAZA,SPRINGFIELD,SANGAMON,IL,62701,USMS IGA,USMS IGA,Female/Male,"A, B, C, D",10,0,0,0.21643835632130504,0.723287673201412,1.0191780752502382,0.9180327681824565,0.04657534509897232,0.227400004863739,COUNTY (SHERIFF),COUNTY,1986-08-11T00:00:00Z,NA,53.5,DMCP,Under 72,ORSA,NDS,Acceptable,2015-07-14T00:00:00Z,Acceptable,Acceptable,Acceptable,NA,Acceptable,Superior,No
SACITCA,SANTA ANA CITY JAIL,62 CIVIC CENTER PLAZA,SANTA ANA,ORANGE,CA,92701,IGSA,IGSA,Female/Male,"A, B, C, D",AS NEEDED,219,168.90909235179424,161.2356153386645,169.58904001582414,180.46849194867536,187.84972645365633,203.5780792236328,185.98629760742188,CITY,CITY,2006-07-03T00:00:00Z,NA,105,DMCP,Over 72,Regular,NDS,Pending,2015-06-11T00:00:00Z,Pending,Acceptable,Acceptable,Acceptable,Acceptable,Superior,Yes
SCRUZAZ,SANTA CRUZ COUNTY JAIL,1250 NORTH HOHOKAM DRIVE,NOGALES,SANTA CRUZ,AZ,85621,USMS IGA,USMS IGA,Female/Male,"A, B, C, D",AS NEEDED,0,0,0,0,0,0,0,0,COUNTY (SHERIFF),COUNTY,1990-09-01T00:00:00Z,NA,65,DMCP,Under 72,ORSA,NDS,Acceptable,2015-08-09T00:00:00Z,Acceptable,Acceptable,Acceptable,NA,NA,Superior,No
SEBASAR,SEBASTIAN COUNTY DETENTION CENTER,801 SOUTH A STREET,FORT SMITH,SEBASTIAN,AR,72901,USMS IGA,USMS IGA,Male,"A, B, C, D",20,0,1.1363636702299118,1.3726027472876012,1.5671233050525188,2.2136986372061074,4.1038249880075455,5.972602844238281,5.556159973144531,COUNTY (SHERIFF),COUNTY,2001-05-17T00:00:00Z,NA,53,DMCP,Under 72,ORSA,NDS,Acceptable,2015-08-05T00:00:00Z,Acceptable,Acceptable,Acceptable,NA,Acceptable,Acceptable,No
SENECOH,SENECA COUNTY JAIL,3040 SOUTH STATE HIGHWAY 100,TIFFIN,SENECA,OH,44883,IGSA,IGSA,Male,"A, B, C, D",80,56,32.42424240708351,44.536986296996474,79.56986279273406,84.51506810588762,59.29234962398186,115.7643814086914,123.63835906982422,COUNTY (SHERIFF),COUNTY,2007-09-28T00:00:00Z,NA,58,DMCP,Over 72,Regular,NDS,Pending,2015-10-22T00:00:00Z,Pending,Acceptable,Acceptable,Acceptable,Acceptable,Acceptable,Yes
SHACOKS,SHAWNEE COUNTY DEPARTMENT OF CORRECTIONS,501 SOUTHEAST 8TH AVENUE,TOPEKA,SHAWNEE,KS,66607,IGSA,IGSA,Female/Male,"A, B, C, D",20,1,0.6060606241226196,0.38630137080326676,1.391780810430646,1.9589041098952293,6.9617486235219985,5.610959053039551,2.7013700008392334,COUNTY (CORRECTIONS),COUNTY,1997-01-10T00:00:00Z,NA,67.849999999999994,DMCP,Over 72,ORSA,NDS,Acceptable,2015-07-17T00:00:00Z,Acceptable,Acceptable,Acceptable,NA,Acceptable,Acceptable,No
SHERBMN,SHERBURNE COUNTY JAIL,13880 UNITED STATES HIGHWAY 10,ELK RIVER,SHERBURNE,MN,55330,USMS IGA,USMS IGA,Female/Male,"B, C, D",120,103,86.65151570737362,96.50410928670317,109.6794516518712,118.27945171575993,129.4344257612247,115.90684509277344,127.49588775634766,COUNTY (SHERIFF),COUNTY,1997-06-05T00:00:00Z,NA,80,DMCP,Over 72,Regular,NDS,Pending,2014-12-11T00:00:00Z,NA,Pending,Acceptable,Acceptable,Acceptable,Acceptable,No
WVSCENT,SOUTH CENTRAL REGIONAL JAIL,1001 CENTRE WAY,CHARLESTON,KANAWHA,WV,25309,USMS IGA,USMS IGA,Male,"A, B, C, D",5,8,4.212121337652206,3.235616421326995,3.1917808149009943,3.7095890040509403,5.251366017153487,3.4273972511291504,2.145210027694702,COUNTY (CORRECTIONS),RJA,1996-04-11T00:00:00Z,NA,56,DMCP,Over 72,ORSA,NDS,Acceptable,2015-07-13T00:00:00Z,Acceptable,Acceptable,Acceptable,NA,Acceptable,Acceptable,No
BASILLA,SOUTH LOUISIANA DETENTION CENTER,3843 STAGG AVENUE,BASILE,EVANGELINE,LA,70515,IGSA,IGSA,Male,"A, B, C, D",700,490,632.4393975436687,577.9315040516667,563.0739696118981,515.0493130092509,364.4836059855297,401.9095764160156,380.33697509765625,GEO,COUNTY,1997-01-16T00:00:00Z,2015-06-28T00:00:00Z,58.02,DMCP,Over 72,Regular,PBNDS 2008,Pending,2015-02-12T00:00:00Z,Pending,Meets Standard,Meets Standard,Meets Standard,Meets Standard,Superior,Yes
STCDFTX,SOUTH TEXAS DETENTION COMPLEX,566 VETERANS DRIVE,PEARSALL,FRIO,TX,78061,CDF,CDF,Male,"A, B, C, D",1890,1717,1720.7727351486683,1546.799993796274,1722.1177998101339,1768.9753344561905,1722.2131115400698,1607.199951171875,1526.6739501953125,GEO,GEO,2004-01-30T00:00:00Z,NA,B4,DMCP,Over 72,Regular,PBNDS 2011,Pending,2015-03-26T00:00:00Z,Pending,Meets Standard,Meets Standard,Meets Standard,Meets Standard,Superior,Yes
STWRTGA,STEWART DETENTION CENTER,146 CCA ROAD,LUMPKIN,STEWART,GA,31815,IGSA,DIGSA,Male,"A, B, C, D",2001,1762,1634.2272787839174,1373.7671172670089,1619.232869985979,1559.5095844562165,1676.8770477268845,1655.0218505859375,1613.619140625,CCA,COUNTY,2006-06-30T00:00:00Z,NA,62.03,DMCP,Over 72,Regular,PBNDS 2011,Meets Standard,2015-04-30T00:00:00Z,Meets Standard,Meets Standard,Meets Standard,Meets Standard,Meets Standard,Meets Standard,Yes
STRAFNH,STRAFFORD COUNTY CORRECTIONS,266 COUNTY FARM ROAD,DOVER,STRAFFORD,NH,3820,IGSA,IGSA,Female/Male,"A, B, C, D",112,39,27.43939408659935,28.758903813548386,26.895890251733363,29.460273802280426,39.07650277088396,17.21643829345703,17.961639404296875,COUNTY (CORRECTIONS),COUNTY,2008-06-27T00:00:00Z,NA,83,DMCP,Over 72,Regular,PBNDS 2008,Meets Standard,2015-05-07T00:00:00Z,Meets Standard,NA,Acceptable,NA,Acceptable,Superior,No
SUFFOMA,SUFFOLK COUNTY HOUSE OF CORRECTIONS,20 BRADSTON STREET,BOSTON,SUFFOLK,MA,2118,IGSA,IGSA,Male,"A, B, C, D",245,220,179.80303090810776,152.8082182565704,188.99451951961964,227.19451946625486,236.21311483718455,247.00547790527344,261.24383544921875,COUNTY (SHERIFF),COUNTY,2003-07-16T00:00:00Z,NA,90,DMCP,Over 72,Regular,NDS,Acceptable,2015-04-23T00:00:00Z,Acceptable,Acceptable,Acceptable,Acceptable,Acceptable,Superior,Yes
SWEETWY,SWEETWATER COUNTY JAIL,50140 UNITED STATES HIGHWAY 191 SOUTH,ROCK SPRINGS,SWEETWATER,WY,82901,USMS IGA,USMS IGA,Female/Male,"A, B, C, D",30,0,0,0.027397260069847107,0.1315068514086306,0.17534246481955051,0.19398906477726996,0.5397260189056396,0.45205000042915344,COUNTY (SHERIFF),COUNTY,2006-10-01T00:00:00Z,NA,61.57,DMCP,Over 72,ORSA,NDS,Acceptable,2014-06-14T00:00:00Z,NA,Acceptable,Acceptable,NA,NA,Acceptable,No
TELLECO,TELLER COUNTY JAIL,288 WEAVERVILLE ROAD,DIVIDE,TELLER,CO,80814,IGSA,IGSA,Male,"A, B, C, D",40,1,4.848484963178635,3.824657552409917,9.295890375971794,4.364383485168219,10.352458948502317,7.30958890914917,6.583559989929199,COUNTY (SHERIFF),COUNTY,2000-10-05T00:00:00Z,NA,60,DMCP,Over 72,ORSA,NDS,Acceptable,2015-08-25T00:00:00Z,Acceptable,NA,Acceptable,NA,Acceptable,Superior,No
TENSALA,TENSAS PARISH DETENTION CENTER,8606 HWY 65,WATERPROOF,TENSAS,LA,71375,IGSA,IGSA,Male,"A, B, C, D",250,24,35.25757610797882,49.068493055645376,57.030136866960675,77.49041032511741,103.70764971105382,129.0575408935547,97.8876724243164,EMERALD,COUNTY,2009-02-20T00:00:00Z,NA,46.76,DMCP,Over 72,Regular,NDS,Pending,2015-03-19T00:00:00Z,Pending,Acceptable,Acceptable,Acceptable,Acceptable,Superior,Yes
TLACYCA,THEO LACY FACILITY,501 THE CITY DRIVE SOUTH,ORANGE,ORANGE,CA,92868,IGSA,IGSA,Male,"A, B, C, D",AS NEEDED,435,428.25757947564125,271.15616249339655,360.75342255225405,398.0328742112033,446.47540874243714,467.2794494628906,0,COUNTY (SHERIFF),COUNTY,2010-07-20T00:00:00Z,2015-07-19T00:00:00Z,118,DMCP,Over 72,Regular,PBNDS 2008,Pending,2015-10-29T00:00:00Z,Pending,Meets Standard,Meets Standard,Meets Standard,Not Rated,NA,Yes
TOOELUT,TOOELE COUNTY JAIL,47 SOUTH MAIN STREET,TOOELE,TOOELE,UT,84074,USMS IGA,USMS IGA,Female/Male,"A, B, C, D",AS NEEDED,0,0,0,0,0,0,0,0,COUNTY,NA,2007-05-30T00:00:00Z,NA,48,DMCP,Under 72,ORSA,NDS,Acceptable,2015-10-19T00:00:00Z,Acceptable,NA,NA,NA,NA,NA,No
TRICOIL,TRI-COUNTY DETENTION CENTER,1026 SHAWNEE COLLEGE ROAD,ULLIN,PULASKI,IL,62992,IGSA,IGSA,Male,"A, B, C, D",240,176,132.3333346694708,130.36438293708488,182.51780738402158,192.28493042616174,217.1202178930398,210.03013610839844,169.0219268798828,COUNTY,COUNTY,1999-04-14T00:00:00Z,NA,76,DMCP,Over 72,Regular,PBNDS 2008,Meets Standard,2015-02-26T00:00:00Z,Meets Standard,Meets Standard,Meets Standard,Meets Standard,Meets Standard,Superior,Yes
TULCOOK,TULSA COUNTY JAIL (DAVID L. MOSS JUSTICE CTR),300 NORTH DENVER AVENUE,TULSA,TULSA,OK,74103,IGSA,IGSA,Male,"A, B, C, D",190,105,109.7424247264862,122.15342412050813,134.66849265713245,138.74520481098443,161.75409776507877,154.34519958496094,121.28492736816406,COUNTY (SHERIFF),COUNTY,2007-09-19T00:00:00Z,NA,54.13,DMCP,Over 72,Regular,NDS,Acceptable,2015-05-29T00:00:00Z,Acceptable,Acceptable,Acceptable,Acceptable,Acceptable,Superior,No
UTAHCUT,UTAH COUNTY JAIL,3075 NORTH MAIN STREET,SPANISH FORK,UTAH,UT,84660,IGSA,IGSA,Female/Male,"A, B, C, D",250,169,204.74242542684078,163.660273054149,218.29314957465976,176.18904032045975,185.68032731791027,198.98081970214844,138.99725341796875,COUNTY (SHERIFF),COUNTY,2010-03-26T00:00:00Z,NA,72.25,DMCP,Over 72,Regular,NDS,Pending,2015-08-13T00:00:00Z,Pending,Acceptable,Acceptable,Acceptable,Acceptable,Superior,No
VALVETX,VAL VERDE CORRECTIONAL FACILITY,253 FARM TO MARKET 2523,DEL RIO,VAL VERDE,TX,78840,USMS IGA,USMS IGA,Female/Male,"A, B",AS NEEDED,1,4.0000001192092896,12.391780943144113,26.82465770933777,28.161643990315497,28.275955573190004,6.73698616027832,6.197259902954102,GEO,COUNTY,1997-10-08T00:00:00Z,NA,56,DMCP,Under 72,ORSA,NDS,Acceptable,2015-09-11T00:00:00Z,Acceptable,Acceptable,NA,NA,Acceptable,Acceptable,No
VPREGVA,VIRGINIA PENINSULA REGIONAL JAIL,9320 MERRIMAC TRAIL,WILLIAMSBURG,JAMES CITY,VA,23185,USMS IGA,USMS IGA,Female/Male,"A, B, C, D",AS NEEDED,42,43.84848499298096,38.92054782202467,1.0356164430268109,0,0,0,0,COUNTY,COUNTY,2013-04-01T00:00:00Z,NA,62.37,DMCP,Over 72,Regular,NDS,Pending,2015-04-09T00:00:00Z,Pending,Special Review - Pre-Occupancy,NA,NA,NA,NA,Yes
WAKECNC,WAKE COUNTY SHERIFF DEPARTMENT,330 SOUTH SALISBURY STREET,RALEIGH,WAKE,NC,27601,IGSA,IGSA,Male,"A, B, C, D",AS NEEDED,2,2.560606136918068,2.5205479748547077,2.5095890597440302,2.704109614249319,3.4289616202004254,5.115068435668945,7.7753400802612305,COUNTY (SHERIFF),COUNTY,2008-09-22T00:00:00Z,NA,63.86,DMCP,Under 72,ORSA,NDS,Acceptable,2015-08-31T00:00:00Z,Acceptable,Acceptable,Acceptable,NA,Acceptable,Superior,No
WAKULFL,WAKULLA COUNTY JAIL,15 OAK STREET,CRAWFORDVILLE,WAKULLA,FL,32327,IGSA,IGSA,Male,"B, C, D",150,55,63.33333379030228,56.375342259183526,83.70958873489872,79.87397226225585,100.16939855529927,117.26575469970703,104.50959014892578,COUNTY (SHERIFF),COUNTY,1996-12-05T00:00:00Z,2015-07-08T00:00:00Z,79.66,DMCP,Over 72,Regular,NDS,Pending,2015-11-05T00:00:00Z,Pending,Acceptable,Acceptable,Acceptable,Acceptable,Acceptable,No
WASHCUT,WASHINGTON COUNTY JAIL (PURGATORY CORRECTIONAL FAC,750 SOUTH 5400 WEST,HURRICANE,WASHINGTON,UT,84737,USMS IGA,USMS IGA,Male,"A, B, C, D",6,2,4.454545512795448,3.6849314752034843,3.5863013551570475,4.8219177830033,10.34153007157147,15.219178199768066,18.164379119873047,COUNTY (SHERIFF),COUNTY,1999-04-01T00:00:00Z,NA,58,DMCP,Over 72,ORSA,NDS,Acceptable,2015-08-10T00:00:00Z,Acceptable,Acceptable,NA,Acceptable,Acceptable,Acceptable,No
WASHONV,WASHOE COUNTY JAIL,911 PARR BOULEVARD,RENO,WASHOE,NV,89512,USMS IGA,USMS IGA,Female/Male,"A, B, C, D",86,10,12.2272729575634,14.446575291920453,17.383561493828893,14.736986166797578,13.691256668418646,18.071231842041016,15.643839836120605,COUNTY (SHERIFF),COUNTY,1996-11-01T00:00:00Z,NA,109,DMCP,Over 72,Regular,NDS,Pending,2014-08-21T00:00:00Z,NA,Pending,NA,Pending,Acceptable,Superior,No
WAYNENY,WAYNE COUNTY JAIL,7368 STATE ROUTE 31,LYONS,WAYNE,NY,14489,USMS IGA,USMS IGA,Female,"A, B, C, D",19,0,0,0.8904109504073858,0.9506849343888462,3.6301369834691286,13.696721230633557,19.399999618530273,14.605480194091797,COUNTY (SHERIFF),COUNTY,1995-05-30T00:00:00Z,NA,75,DMCP,Over 72,ORSA,NDS,Acceptable,2015-07-31T00:00:00Z,Acceptable,Acceptable,Acceptable,NA,Acceptable,Superior,No
WTXDFTX,WEST TEXAS DETENTION FACILITY,401 S. VAQUERO AVE.,SIERRA BLANCA,HUDSPETH,TX,79851,USMS IGA,USMS IGA,Male,"A, B, C, D",450,510,486.0909135937691,201.7479445305653,220.60547908535227,153.23287581745535,4.210382596123964,127.5616455078125,25.276710510253906,EMERALD,COUNTY,1999-11-02T00:00:00Z,NA,77,DMCP,Over 72,Regular,NDS,Pending,2015-09-03T00:00:00Z,Pending,Acceptable,Acceptable,Acceptable,Acceptable,Acceptable,No
TNWESDF,WESTERN TENNESSEE DETENTION FACILITY,6299 FINDE NAIFEH DRIVE,MASON,TIPTON,TN,38049,USMS IGA,USMS IGA,Male,"A, B, C, D",20,2,3.1666667610406876,5.736986304633319,49.27397228823975,4.87123291566968,7.1939888435881585,10.734246253967285,9.997260093688965,CCA,COUNTY,2002-02-01T00:00:00Z,NA,102.83,DMCP,Over 72,Regular,PBNDS 2008,Pending,2015-09-11T00:00:00Z,Pending,Acceptable,Acceptable,Acceptable,Meets Standard,Superior,No
WHITFGA,WHITFIELD COUNTY JAIL,805 PROFESSIONAL BLVD,DALTON,WHITFIELD,GA,30720,IGSA,IGSA,Female/Male,"A, B, C, D",64,1,1.3333333730697632,0.7616438413970172,2.339726041071117,2.986301372293383,4.13661188678816,0.5150684714317322,0.03288000077009201,COUNTY (SHERIFF),COUNTY,2009-09-25T00:00:00Z,NA,41.03,DMCP,Under 72,ORSA,NDS,Acceptable,2015-07-23T00:00:00Z,Acceptable,Acceptable,Acceptable,NA,Acceptable,Acceptable,No
WCRDFTX,WILLACY CO  REGIONAL DETENTION FACILITY,1601 BUFFALO DRIVE,RAYMONDVILLE,WILLACY,TX,78580,USMS IGA,USMS IGA,Male,"A, B, C, D",AS NEEDED,0,0,1.1917808530852199,6.298630159348249,0,0,0,0,M&TC,COUNTY,NA,2015-08-05T00:00:00Z,96.09,DMCP,Under 72,ORSA,NDS,Acceptable,2015-09-30T00:00:00Z,NA,NA,NA,NA,NA,NA,No
WORCEMD,WORCESTER COUNTY JAIL,5022 JOYNER ROAD,SNOW HILL,WORCESTER,MD,21863,IGSA,IGSA,Female/Male,"A, B, C, D",200,178,147.50000029802322,141.73698605084792,167.5890402942896,177.60547883342952,185.1120217766147,168.5369873046875,113.16438293457031,COUNTY (SHERIFF),COUNTY,2008-09-09T00:00:00Z,NA,87.11,DMCP,Over 72,Regular,NDS,Acceptable,2015-09-03T00:00:00Z,Acceptable,Acceptable,Acceptable,Acceptable,Acceptable,Superior,No
YIKIMWA,YAKIMA COUNTY DEPARTMENT OF CORRECTIONS,111 NORTH FRONT STREET,YAKIMA,YAKIMA,WA,98901,USMS IGA,USMS IGA,Male,"A, B, C, D",AS NEEDED,10,9.348484933376312,6.794520530384034,2.334246590267867,1.7863013660535216,2.6475409499835223,4.202739715576172,4.8465800285339355,COUNTY (CORRECTIONS),COUNTY,1983-03-14T00:00:00Z,NA,84.51,DMCP,Under 72,ORSA,NDS,Acceptable,2015-07-28T00:00:00Z,Acceptable,Acceptable,Acceptable,NA,Acceptable,Superior,No
YAVCVAZ,YAVAPAI COUNTY DETENTION CENTER,3505 WEST STATE HIGHWAY 260,CAMP VERDE,YAVAPAI,AZ,86322,IGSA,IGSA,Female/Male,"A, B, C, D",AS NEEDED,0,0,0.021917808800935745,0.08219178207218647,0.720547934062779,1.7868851753883064,4.594520568847656,7.54794979095459,COUNTY (SHERIFF),COUNTY,2001-05-21T00:00:00Z,NA,59.5,DMCP,Under 72,ORSA,NDS,Acceptable,2015-08-25T00:00:00Z,Acceptable,Acceptable,Acceptable,NA,Acceptable,Acceptable,No
YORCOSC,YORK COUNTY DETENTION CENTER,1675-3A YORK HWY,YORK,YORK,SC,29745,USMS IGA,USMS IGA,Male,"A, B, C, D",70,23,27.21212202310562,27.350684722419828,34.145205250475556,26.572602775879204,32.24316871166229,25.632875442504883,13.487669944763184,COUNTY (SHERIFF),COUNTY,1998-03-05T00:00:00Z,NA,55,DMCP,Over 72,Regular,NDS,Acceptable,2014-08-14T00:00:00Z,NA,Acceptable,NA,Acceptable,Acceptable,Superior,No
YORCOPA,YORK COUNTY PRISON,3400 CONCORD ROAD,YORK,YORK,PA,17402,IGSA,IGSA,Female/Male,"A, B, C, D",800,667,630.2878807634115,639.9643809720874,730.0219143470749,761.2219134895131,774.5218562523369,824.03558349609375,756.83837890625,COUNTY (SHERIFF),COUNTY,2003-04-23T00:00:00Z,NA,83,DMCP,Over 72,Regular,PBNDS 2008,Pending,2015-10-16T00:00:00Z,Pending,Pending,Meets Standard,Meets Standard,Acceptable,Superior,Yes
YUBAJCA,YUBA COUNTY JAIL,215 5TH STREET,MARYSVILLE,YUBA,CA,95901,IGSA,IGSA,Female/Male,"A, B, C, D",212,197,201.090909704566,192.32328687096015,198.95616365084425,211.1150675835088,227.07377006858587,214.84657287597656,242.1671142578125,COUNTY (SHERIFF),COUNTY,2008-12-15T00:00:00Z,NA,75.16,DMCP,Over 72,Regular,NDS,Pending,2015-11-05T00:00:00Z,Pending,Pending,Acceptable,Acceptable,Acceptable,Acceptable,Yes
